job,node,date,head,libmpiwrap,src_md5,warmup,iters,np,accum,mode,order,rep,gbps
90161,h200x4-04,2026-09-09T01:03:34-04:00,e887c22,95a4607,e3ed77dba57aece0a1c7097b6623dddc,20,100,4,1,direct,1024,1,253.9345
90161,h200x4-04,2026-09-09T01:03:34-04:00,e887c22,95a4607,e3ed77dba57aece0a1c7097b6623dddc,20,100,4,1,single,1024,1,563.9288
90161,h200x4-04,2026-09-09T01:03:34-04:00,e887c22,95a4607,e3ed77dba57aece0a1c7097b6623dddc,20,100,4,1,buffered,1024,1,215.0101
90161,h200x4-04,2026-09-09T01:03:34-04:00,e887c22,95a4607,e3ed77dba57aece0a1c7097b6623dddc,20,100,4,1,gpumpi,1024,1,232.6021
90161,h200x4-04,2026-09-09T01:03:34-04:00,e887c22,95a4607,e3ed77dba57aece0a1c7097b6623dddc,20,100,4,1,staged,1024,1,65.9650
90161,h200x4-04,2026-09-09T01:03:34-04:00,e887c22,95a4607,e3ed77dba57aece0a1c7097b6623dddc,20,100,4,1,nvdirect,1024,1,9.1885
90161,h200x4-04,2026-09-09T01:03:34-04:00,e887c22,95a4607,e3ed77dba57aece0a1c7097b6623dddc,20,100,4,1,nvsingle,1024,1,2.7474
90161,h200x4-04,2026-09-09T01:03:34-04:00,e887c22,95a4607,e3ed77dba57aece0a1c7097b6623dddc,20,100,4,1,nvbuffered,1024,1,55.0067
90161,h200x4-04,2026-09-09T01:03:34-04:00,e887c22,95a4607,e3ed77dba57aece0a1c7097b6623dddc,20,100,4,1,direct,1024,2,260.9592
90161,h200x4-04,2026-09-09T01:03:34-04:00,e887c22,95a4607,e3ed77dba57aece0a1c7097b6623dddc,20,100,4,1,single,1024,2,563.7697
90161,h200x4-04,2026-09-09T01:03:34-04:00,e887c22,95a4607,e3ed77dba57aece0a1c7097b6623dddc,20,100,4,1,buffered,1024,2,215.7173
90161,h200x4-04,2026-09-09T01:03:34-04:00,e887c22,95a4607,e3ed77dba57aece0a1c7097b6623dddc,20,100,4,1,gpumpi,1024,2,231.0629
90161,h200x4-04,2026-09-09T01:03:34-04:00,e887c22,95a4607,e3ed77dba57aece0a1c7097b6623dddc,20,100,4,1,staged,1024,2,67.7196
90161,h200x4-04,2026-09-09T01:03:34-04:00,e887c22,95a4607,e3ed77dba57aece0a1c7097b6623dddc,20,100,4,1,nvdirect,1024,2,6.8531
90161,h200x4-04,2026-09-09T01:03:34-04:00,e887c22,95a4607,e3ed77dba57aece0a1c7097b6623dddc,20,100,4,1,nvsingle,1024,2,10.5557
90161,h200x4-04,2026-09-09T01:03:34-04:00,e887c22,95a4607,e3ed77dba57aece0a1c7097b6623dddc,20,100,4,1,nvbuffered,1024,2,12.2258
90161,h200x4-04,2026-09-09T01:03:34-04:00,e887c22,95a4607,e3ed77dba57aece0a1c7097b6623dddc,20,100,4,1,direct,1024,3,261.7980
90161,h200x4-04,2026-09-09T01:03:34-04:00,e887c22,95a4607,e3ed77dba57aece0a1c7097b6623dddc,20,100,4,1,single,1024,3,563.6502
90161,h200x4-04,2026-09-09T01:03:34-04:00,e887c22,95a4607,e3ed77dba57aece0a1c7097b6623dddc,20,100,4,1,buffered,1024,3,215.1248
90161,h200x4-04,2026-09-09T01:03:34-04:00,e887c22,95a4607,e3ed77dba57aece0a1c7097b6623dddc,20,100,4,1,gpumpi,1024,3,230.6299
90161,h200x4-04,2026-09-09T01:03:34-04:00,e887c22,95a4607,e3ed77dba57aece0a1c7097b6623dddc,20,100,4,1,staged,1024,3,66.1379
90161,h200x4-04,2026-09-09T01:03:34-04:00,e887c22,95a4607,e3ed77dba57aece0a1c7097b6623dddc,20,100,4,1,nvdirect,1024,3,10.4276
90161,h200x4-04,2026-09-09T01:03:34-04:00,e887c22,95a4607,e3ed77dba57aece0a1c7097b6623dddc,20,100,4,1,nvsingle,1024,3,7.7894
90161,h200x4-04,2026-09-09T01:03:34-04:00,e887c22,95a4607,e3ed77dba57aece0a1c7097b6623dddc,20,100,4,1,nvbuffered,1024,3,2.5652
90161,h200x4-04,2026-09-09T01:03:34-04:00,e887c22,95a4607,e3ed77dba57aece0a1c7097b6623dddc,20,100,4,1,direct,1536,1,374.8087
90161,h200x4-04,2026-09-09T01:03:34-04:00,e887c22,95a4607,e3ed77dba57aece0a1c7097b6623dddc,20,100,4,1,single,1536,1,813.5645
90161,h200x4-04,2026-09-09T01:03:34-04:00,e887c22,95a4607,e3ed77dba57aece0a1c7097b6623dddc,20,100,4,1,buffered,1536,1,398.1187
90161,h200x4-04,2026-09-09T01:03:34-04:00,e887c22,95a4607,e3ed77dba57aece0a1c7097b6623dddc,20,100,4,1,gpumpi,1536,1,421.4794
90161,h200x4-04,2026-09-09T01:03:34-04:00,e887c22,95a4607,e3ed77dba57aece0a1c7097b6623dddc,20,100,4,1,staged,1536,1,90.1024
90161,h200x4-04,2026-09-09T01:03:34-04:00,e887c22,95a4607,e3ed77dba57aece0a1c7097b6623dddc,20,100,4,1,nvdirect,1536,1,69.2342
90161,h200x4-04,2026-09-09T01:03:34-04:00,e887c22,95a4607,e3ed77dba57aece0a1c7097b6623dddc,20,100,4,1,nvsingle,1536,1,44.4366
90161,h200x4-04,2026-09-09T01:03:34-04:00,e887c22,95a4607,e3ed77dba57aece0a1c7097b6623dddc,20,100,4,1,nvbuffered,1536,1,0.4834
90161,h200x4-04,2026-09-09T01:03:34-04:00,e887c22,95a4607,e3ed77dba57aece0a1c7097b6623dddc,20,100,4,1,direct,1536,2,373.9647
90161,h200x4-04,2026-09-09T01:03:34-04:00,e887c22,95a4607,e3ed77dba57aece0a1c7097b6623dddc,20,100,4,1,single,1536,2,812.1765
90161,h200x4-04,2026-09-09T01:03:34-04:00,e887c22,95a4607,e3ed77dba57aece0a1c7097b6623dddc,20,100,4,1,buffered,1536,2,398.7698
90161,h200x4-04,2026-09-09T01:03:34-04:00,e887c22,95a4607,e3ed77dba57aece0a1c7097b6623dddc,20,100,4,1,gpumpi,1536,2,423.7195
90161,h200x4-04,2026-09-09T01:03:34-04:00,e887c22,95a4607,e3ed77dba57aece0a1c7097b6623dddc,20,100,4,1,staged,1536,2,81.5703
90161,h200x4-04,2026-09-09T01:03:34-04:00,e887c22,95a4607,e3ed77dba57aece0a1c7097b6623dddc,20,100,4,1,nvdirect,1536,2,6.9137
90161,h200x4-04,2026-09-09T01:03:34-04:00,e887c22,95a4607,e3ed77dba57aece0a1c7097b6623dddc,20,100,4,1,nvsingle,1536,2,1.3443
90161,h200x4-04,2026-09-09T01:03:34-04:00,e887c22,95a4607,e3ed77dba57aece0a1c7097b6623dddc,20,100,4,1,nvbuffered,1536,2,8.0497
90161,h200x4-04,2026-09-09T01:03:34-04:00,e887c22,95a4607,e3ed77dba57aece0a1c7097b6623dddc,20,100,4,1,direct,1536,3,375.6049
90161,h200x4-04,2026-09-09T01:03:34-04:00,e887c22,95a4607,e3ed77dba57aece0a1c7097b6623dddc,20,100,4,1,single,1536,3,816.9468
90161,h200x4-04,2026-09-09T01:03:34-04:00,e887c22,95a4607,e3ed77dba57aece0a1c7097b6623dddc,20,100,4,1,buffered,1536,3,399.2717
90161,h200x4-04,2026-09-09T01:03:34-04:00,e887c22,95a4607,e3ed77dba57aece0a1c7097b6623dddc,20,100,4,1,gpumpi,1536,3,423.4177
90161,h200x4-04,2026-09-09T01:03:34-04:00,e887c22,95a4607,e3ed77dba57aece0a1c7097b6623dddc,20,100,4,1,staged,1536,3,85.5050
90161,h200x4-04,2026-09-09T01:03:34-04:00,e887c22,95a4607,e3ed77dba57aece0a1c7097b6623dddc,20,100,4,1,nvdirect,1536,3,136.8890
90161,h200x4-04,2026-09-09T01:03:34-04:00,e887c22,95a4607,e3ed77dba57aece0a1c7097b6623dddc,20,100,4,1,nvsingle,1536,3,120.4718
90161,h200x4-04,2026-09-09T01:03:34-04:00,e887c22,95a4607,e3ed77dba57aece0a1c7097b6623dddc,20,100,4,1,nvbuffered,1536,3,64.0565
90161,h200x4-04,2026-09-09T01:03:34-04:00,e887c22,95a4607,e3ed77dba57aece0a1c7097b6623dddc,20,100,4,1,direct,2048,1,534.8408
90161,h200x4-04,2026-09-09T01:03:34-04:00,e887c22,95a4607,e3ed77dba57aece0a1c7097b6623dddc,20,100,4,1,single,2048,1,1135.1605
90161,h200x4-04,2026-09-09T01:03:34-04:00,e887c22,95a4607,e3ed77dba57aece0a1c7097b6623dddc,20,100,4,1,buffered,2048,1,566.8028
90161,h200x4-04,2026-09-09T01:03:34-04:00,e887c22,95a4607,e3ed77dba57aece0a1c7097b6623dddc,20,100,4,1,gpumpi,2048,1,599.1853
90161,h200x4-04,2026-09-09T01:03:34-04:00,e887c22,95a4607,e3ed77dba57aece0a1c7097b6623dddc,20,100,4,1,staged,2048,1,93.4351
90161,h200x4-04,2026-09-09T01:03:34-04:00,e887c22,95a4607,e3ed77dba57aece0a1c7097b6623dddc,20,100,4,1,nvdirect,2048,1,10.4816
90161,h200x4-04,2026-09-09T01:03:34-04:00,e887c22,95a4607,e3ed77dba57aece0a1c7097b6623dddc,20,100,4,1,nvsingle,2048,1,899.6866
90161,h200x4-04,2026-09-09T01:03:34-04:00,e887c22,95a4607,e3ed77dba57aece0a1c7097b6623dddc,20,100,4,1,nvbuffered,2048,1,38.7847
90161,h200x4-04,2026-09-09T01:03:34-04:00,e887c22,95a4607,e3ed77dba57aece0a1c7097b6623dddc,20,100,4,1,direct,2048,2,534.8902
90161,h200x4-04,2026-09-09T01:03:34-04:00,e887c22,95a4607,e3ed77dba57aece0a1c7097b6623dddc,20,100,4,1,single,2048,2,1140.4616
90161,h200x4-04,2026-09-09T01:03:34-04:00,e887c22,95a4607,e3ed77dba57aece0a1c7097b6623dddc,20,100,4,1,buffered,2048,2,566.9746
90161,h200x4-04,2026-09-09T01:03:34-04:00,e887c22,95a4607,e3ed77dba57aece0a1c7097b6623dddc,20,100,4,1,gpumpi,2048,2,598.9419
90161,h200x4-04,2026-09-09T01:03:34-04:00,e887c22,95a4607,e3ed77dba57aece0a1c7097b6623dddc,20,100,4,1,staged,2048,2,101.1583
90161,h200x4-04,2026-09-09T01:03:34-04:00,e887c22,95a4607,e3ed77dba57aece0a1c7097b6623dddc,20,100,4,1,nvdirect,2048,2,13.0313
90161,h200x4-04,2026-09-09T01:03:34-04:00,e887c22,95a4607,e3ed77dba57aece0a1c7097b6623dddc,20,100,4,1,nvsingle,2048,2,41.5900
90161,h200x4-04,2026-09-09T01:03:34-04:00,e887c22,95a4607,e3ed77dba57aece0a1c7097b6623dddc,20,100,4,1,nvbuffered,2048,2,26.1088
90161,h200x4-04,2026-09-09T01:03:34-04:00,e887c22,95a4607,e3ed77dba57aece0a1c7097b6623dddc,20,100,4,1,direct,2048,3,534.5885
90161,h200x4-04,2026-09-09T01:03:34-04:00,e887c22,95a4607,e3ed77dba57aece0a1c7097b6623dddc,20,100,4,1,single,2048,3,1139.3155
90161,h200x4-04,2026-09-09T01:03:34-04:00,e887c22,95a4607,e3ed77dba57aece0a1c7097b6623dddc,20,100,4,1,buffered,2048,3,566.4434
90161,h200x4-04,2026-09-09T01:03:34-04:00,e887c22,95a4607,e3ed77dba57aece0a1c7097b6623dddc,20,100,4,1,gpumpi,2048,3,599.8993
90161,h200x4-04,2026-09-09T01:03:34-04:00,e887c22,95a4607,e3ed77dba57aece0a1c7097b6623dddc,20,100,4,1,staged,2048,3,101.1633
90161,h200x4-04,2026-09-09T01:03:34-04:00,e887c22,95a4607,e3ed77dba57aece0a1c7097b6623dddc,20,100,4,1,nvdirect,2048,3,21.6668
90161,h200x4-04,2026-09-09T01:03:34-04:00,e887c22,95a4607,e3ed77dba57aece0a1c7097b6623dddc,20,100,4,1,nvsingle,2048,3,36.1543
90161,h200x4-04,2026-09-09T01:03:34-04:00,e887c22,95a4607,e3ed77dba57aece0a1c7097b6623dddc,20,100,4,1,nvbuffered,2048,3,0.8260
90161,h200x4-04,2026-09-09T01:03:34-04:00,e887c22,95a4607,e3ed77dba57aece0a1c7097b6623dddc,20,100,4,1,direct,3072,1,658.7062
90161,h200x4-04,2026-09-09T01:03:34-04:00,e887c22,95a4607,e3ed77dba57aece0a1c7097b6623dddc,20,100,4,1,single,3072,1,1057.1310
90161,h200x4-04,2026-09-09T01:03:34-04:00,e887c22,95a4607,e3ed77dba57aece0a1c7097b6623dddc,20,100,4,1,buffered,3072,1,736.7838
90161,h200x4-04,2026-09-09T01:03:34-04:00,e887c22,95a4607,e3ed77dba57aece0a1c7097b6623dddc,20,100,4,1,gpumpi,3072,1,761.9217
90161,h200x4-04,2026-09-09T01:03:34-04:00,e887c22,95a4607,e3ed77dba57aece0a1c7097b6623dddc,20,100,4,1,staged,3072,1,93.1698
90161,h200x4-04,2026-09-09T01:03:34-04:00,e887c22,95a4607,e3ed77dba57aece0a1c7097b6623dddc,20,100,4,1,nvdirect,3072,1,65.9387
90161,h200x4-04,2026-09-09T01:03:34-04:00,e887c22,95a4607,e3ed77dba57aece0a1c7097b6623dddc,20,100,4,1,nvsingle,3072,1,271.0757
90161,h200x4-04,2026-09-09T01:03:34-04:00,e887c22,95a4607,e3ed77dba57aece0a1c7097b6623dddc,20,100,4,1,nvbuffered,3072,1,1.6809
90161,h200x4-04,2026-09-09T01:03:34-04:00,e887c22,95a4607,e3ed77dba57aece0a1c7097b6623dddc,20,100,4,1,direct,3072,2,661.0254
90161,h200x4-04,2026-09-09T01:03:34-04:00,e887c22,95a4607,e3ed77dba57aece0a1c7097b6623dddc,20,100,4,1,single,3072,2,1059.4540
90161,h200x4-04,2026-09-09T01:03:34-04:00,e887c22,95a4607,e3ed77dba57aece0a1c7097b6623dddc,20,100,4,1,buffered,3072,2,738.5189
90161,h200x4-04,2026-09-09T01:03:34-04:00,e887c22,95a4607,e3ed77dba57aece0a1c7097b6623dddc,20,100,4,1,gpumpi,3072,2,761.1298
90161,h200x4-04,2026-09-09T01:03:34-04:00,e887c22,95a4607,e3ed77dba57aece0a1c7097b6623dddc,20,100,4,1,staged,3072,2,93.0555
90161,h200x4-04,2026-09-09T01:03:34-04:00,e887c22,95a4607,e3ed77dba57aece0a1c7097b6623dddc,20,100,4,1,nvdirect,3072,2,48.1754
90161,h200x4-04,2026-09-09T01:03:34-04:00,e887c22,95a4607,e3ed77dba57aece0a1c7097b6623dddc,20,100,4,1,nvsingle,3072,2,47.9560
90161,h200x4-04,2026-09-09T01:03:34-04:00,e887c22,95a4607,e3ed77dba57aece0a1c7097b6623dddc,20,100,4,1,nvbuffered,3072,2,1.7982
90161,h200x4-04,2026-09-09T01:03:34-04:00,e887c22,95a4607,e3ed77dba57aece0a1c7097b6623dddc,20,100,4,1,direct,3072,3,659.1471
90161,h200x4-04,2026-09-09T01:03:34-04:00,e887c22,95a4607,e3ed77dba57aece0a1c7097b6623dddc,20,100,4,1,single,3072,3,434.7409
90161,h200x4-04,2026-09-09T01:03:34-04:00,e887c22,95a4607,e3ed77dba57aece0a1c7097b6623dddc,20,100,4,1,buffered,3072,3,738.3441
90161,h200x4-04,2026-09-09T01:03:34-04:00,e887c22,95a4607,e3ed77dba57aece0a1c7097b6623dddc,20,100,4,1,gpumpi,3072,3,760.7398
90161,h200x4-04,2026-09-09T01:03:34-04:00,e887c22,95a4607,e3ed77dba57aece0a1c7097b6623dddc,20,100,4,1,staged,3072,3,93.0567
90161,h200x4-04,2026-09-09T01:03:34-04:00,e887c22,95a4607,e3ed77dba57aece0a1c7097b6623dddc,20,100,4,1,nvdirect,3072,3,43.8014
90161,h200x4-04,2026-09-09T01:03:34-04:00,e887c22,95a4607,e3ed77dba57aece0a1c7097b6623dddc,20,100,4,1,nvsingle,3072,3,70.9727
90161,h200x4-04,2026-09-09T01:03:34-04:00,e887c22,95a4607,e3ed77dba57aece0a1c7097b6623dddc,20,100,4,1,nvbuffered,3072,3,64.6064
90161,h200x4-04,2026-09-09T01:03:34-04:00,e887c22,95a4607,e3ed77dba57aece0a1c7097b6623dddc,20,100,4,1,direct,4096,1,686.2663
90161,h200x4-04,2026-09-09T01:03:34-04:00,e887c22,95a4607,e3ed77dba57aece0a1c7097b6623dddc,20,100,4,1,single,4096,1,878.1457
90161,h200x4-04,2026-09-09T01:03:34-04:00,e887c22,95a4607,e3ed77dba57aece0a1c7097b6623dddc,20,100,4,1,buffered,4096,1,856.9477
90161,h200x4-04,2026-09-09T01:03:34-04:00,e887c22,95a4607,e3ed77dba57aece0a1c7097b6623dddc,20,100,4,1,gpumpi,4096,1,883.0819
90161,h200x4-04,2026-09-09T01:03:34-04:00,e887c22,95a4607,e3ed77dba57aece0a1c7097b6623dddc,20,100,4,1,staged,4096,1,101.8317
90161,h200x4-04,2026-09-09T01:03:34-04:00,e887c22,95a4607,e3ed77dba57aece0a1c7097b6623dddc,20,100,4,1,nvdirect,4096,1,38.0566
90161,h200x4-04,2026-09-09T01:03:34-04:00,e887c22,95a4607,e3ed77dba57aece0a1c7097b6623dddc,20,100,4,1,nvsingle,4096,1,58.2205
90161,h200x4-04,2026-09-09T01:03:34-04:00,e887c22,95a4607,e3ed77dba57aece0a1c7097b6623dddc,20,100,4,1,nvbuffered,4096,1,3.2868
90161,h200x4-04,2026-09-09T01:03:34-04:00,e887c22,95a4607,e3ed77dba57aece0a1c7097b6623dddc,20,100,4,1,direct,4096,2,686.2146
90161,h200x4-04,2026-09-09T01:03:34-04:00,e887c22,95a4607,e3ed77dba57aece0a1c7097b6623dddc,20,100,4,1,single,4096,2,878.8944
90161,h200x4-04,2026-09-09T01:03:34-04:00,e887c22,95a4607,e3ed77dba57aece0a1c7097b6623dddc,20,100,4,1,buffered,4096,2,857.0533
90161,h200x4-04,2026-09-09T01:03:34-04:00,e887c22,95a4607,e3ed77dba57aece0a1c7097b6623dddc,20,100,4,1,gpumpi,4096,2,882.6527
90161,h200x4-04,2026-09-09T01:03:34-04:00,e887c22,95a4607,e3ed77dba57aece0a1c7097b6623dddc,20,100,4,1,staged,4096,2,102.1539
90161,h200x4-04,2026-09-09T01:03:34-04:00,e887c22,95a4607,e3ed77dba57aece0a1c7097b6623dddc,20,100,4,1,nvdirect,4096,2,3.2550
90161,h200x4-04,2026-09-09T01:03:34-04:00,e887c22,95a4607,e3ed77dba57aece0a1c7097b6623dddc,20,100,4,1,nvsingle,4096,2,73.8082
90161,h200x4-04,2026-09-09T01:03:34-04:00,e887c22,95a4607,e3ed77dba57aece0a1c7097b6623dddc,20,100,4,1,nvbuffered,4096,2,42.0327
90161,h200x4-04,2026-09-09T01:03:34-04:00,e887c22,95a4607,e3ed77dba57aece0a1c7097b6623dddc,20,100,4,1,direct,4096,3,686.8238
90161,h200x4-04,2026-09-09T01:03:34-04:00,e887c22,95a4607,e3ed77dba57aece0a1c7097b6623dddc,20,100,4,1,single,4096,3,877.1520
90161,h200x4-04,2026-09-09T01:03:34-04:00,e887c22,95a4607,e3ed77dba57aece0a1c7097b6623dddc,20,100,4,1,buffered,4096,3,857.1210
90161,h200x4-04,2026-09-09T01:03:34-04:00,e887c22,95a4607,e3ed77dba57aece0a1c7097b6623dddc,20,100,4,1,gpumpi,4096,3,884.0467
90161,h200x4-04,2026-09-09T01:03:34-04:00,e887c22,95a4607,e3ed77dba57aece0a1c7097b6623dddc,20,100,4,1,staged,4096,3,96.8251
90161,h200x4-04,2026-09-09T01:03:34-04:00,e887c22,95a4607,e3ed77dba57aece0a1c7097b6623dddc,20,100,4,1,nvdirect,4096,3,18.6660
90161,h200x4-04,2026-09-09T01:03:34-04:00,e887c22,95a4607,e3ed77dba57aece0a1c7097b6623dddc,20,100,4,1,nvsingle,4096,3,32.7854
90161,h200x4-04,2026-09-09T01:03:34-04:00,e887c22,95a4607,e3ed77dba57aece0a1c7097b6623dddc,20,100,4,1,nvbuffered,4096,3,14.7942
90161,h200x4-04,2026-09-09T01:03:34-04:00,e887c22,95a4607,e3ed77dba57aece0a1c7097b6623dddc,20,100,4,1,direct,6144,1,764.9830
90161,h200x4-04,2026-09-09T01:03:34-04:00,e887c22,95a4607,e3ed77dba57aece0a1c7097b6623dddc,20,100,4,1,single,6144,1,850.6634
90161,h200x4-04,2026-09-09T01:03:34-04:00,e887c22,95a4607,e3ed77dba57aece0a1c7097b6623dddc,20,100,4,1,buffered,6144,1,963.6937
90161,h200x4-04,2026-09-09T01:03:34-04:00,e887c22,95a4607,e3ed77dba57aece0a1c7097b6623dddc,20,100,4,1,gpumpi,6144,1,980.1341
90161,h200x4-04,2026-09-09T01:03:34-04:00,e887c22,95a4607,e3ed77dba57aece0a1c7097b6623dddc,20,100,4,1,staged,6144,1,89.8729
90161,h200x4-04,2026-09-09T01:03:34-04:00,e887c22,95a4607,e3ed77dba57aece0a1c7097b6623dddc,20,100,4,1,nvdirect,6144,1,33.8179
90161,h200x4-04,2026-09-09T01:03:34-04:00,e887c22,95a4607,e3ed77dba57aece0a1c7097b6623dddc,20,100,4,1,nvsingle,6144,1,61.6436
90161,h200x4-04,2026-09-09T01:03:34-04:00,e887c22,95a4607,e3ed77dba57aece0a1c7097b6623dddc,20,100,4,1,nvbuffered,6144,1,71.3094
90161,h200x4-04,2026-09-09T01:03:34-04:00,e887c22,95a4607,e3ed77dba57aece0a1c7097b6623dddc,20,100,4,1,direct,6144,2,764.7690
90161,h200x4-04,2026-09-09T01:03:34-04:00,e887c22,95a4607,e3ed77dba57aece0a1c7097b6623dddc,20,100,4,1,single,6144,2,850.5585
90161,h200x4-04,2026-09-09T01:03:34-04:00,e887c22,95a4607,e3ed77dba57aece0a1c7097b6623dddc,20,100,4,1,buffered,6144,2,965.3239
90161,h200x4-04,2026-09-09T01:03:34-04:00,e887c22,95a4607,e3ed77dba57aece0a1c7097b6623dddc,20,100,4,1,gpumpi,6144,2,981.1998
90161,h200x4-04,2026-09-09T01:03:34-04:00,e887c22,95a4607,e3ed77dba57aece0a1c7097b6623dddc,20,100,4,1,staged,6144,2,90.2830
90161,h200x4-04,2026-09-09T01:03:34-04:00,e887c22,95a4607,e3ed77dba57aece0a1c7097b6623dddc,20,100,4,1,nvdirect,6144,2,121.1221
90161,h200x4-04,2026-09-09T01:03:34-04:00,e887c22,95a4607,e3ed77dba57aece0a1c7097b6623dddc,20,100,4,1,nvsingle,6144,2,89.0974
90161,h200x4-04,2026-09-09T01:03:34-04:00,e887c22,95a4607,e3ed77dba57aece0a1c7097b6623dddc,20,100,4,1,nvbuffered,6144,2,105.6496
90161,h200x4-04,2026-09-09T01:03:34-04:00,e887c22,95a4607,e3ed77dba57aece0a1c7097b6623dddc,20,100,4,1,direct,6144,3,764.8112
90161,h200x4-04,2026-09-09T01:03:34-04:00,e887c22,95a4607,e3ed77dba57aece0a1c7097b6623dddc,20,100,4,1,single,6144,3,851.0022
90161,h200x4-04,2026-09-09T01:03:34-04:00,e887c22,95a4607,e3ed77dba57aece0a1c7097b6623dddc,20,100,4,1,buffered,6144,3,963.9107
90161,h200x4-04,2026-09-09T01:03:34-04:00,e887c22,95a4607,e3ed77dba57aece0a1c7097b6623dddc,20,100,4,1,gpumpi,6144,3,979.0471
90161,h200x4-04,2026-09-09T01:03:34-04:00,e887c22,95a4607,e3ed77dba57aece0a1c7097b6623dddc,20,100,4,1,staged,6144,3,89.8211
90161,h200x4-04,2026-09-09T01:03:34-04:00,e887c22,95a4607,e3ed77dba57aece0a1c7097b6623dddc,20,100,4,1,nvdirect,6144,3,40.9144
90161,h200x4-04,2026-09-09T01:03:34-04:00,e887c22,95a4607,e3ed77dba57aece0a1c7097b6623dddc,20,100,4,1,nvsingle,6144,3,42.1845
90161,h200x4-04,2026-09-09T01:03:34-04:00,e887c22,95a4607,e3ed77dba57aece0a1c7097b6623dddc,20,100,4,1,nvbuffered,6144,3,102.9590
90161,h200x4-04,2026-09-09T01:03:34-04:00,e887c22,95a4607,e3ed77dba57aece0a1c7097b6623dddc,20,100,4,1,direct,8192,1,733.9882
90161,h200x4-04,2026-09-09T01:03:34-04:00,e887c22,95a4607,e3ed77dba57aece0a1c7097b6623dddc,20,100,4,1,single,8192,1,888.4609
90161,h200x4-04,2026-09-09T01:03:34-04:00,e887c22,95a4607,e3ed77dba57aece0a1c7097b6623dddc,20,100,4,1,buffered,8192,1,1022.9406
90161,h200x4-04,2026-09-09T01:03:34-04:00,e887c22,95a4607,e3ed77dba57aece0a1c7097b6623dddc,20,100,4,1,gpumpi,8192,1,1035.9261
90161,h200x4-04,2026-09-09T01:03:34-04:00,e887c22,95a4607,e3ed77dba57aece0a1c7097b6623dddc,20,100,4,1,staged,8192,1,84.8852
90161,h200x4-04,2026-09-09T01:03:34-04:00,e887c22,95a4607,e3ed77dba57aece0a1c7097b6623dddc,20,100,4,1,nvdirect,8192,1,15.6193
90161,h200x4-04,2026-09-09T01:03:34-04:00,e887c22,95a4607,e3ed77dba57aece0a1c7097b6623dddc,20,100,4,1,nvsingle,8192,1,91.0755
90161,h200x4-04,2026-09-09T01:03:34-04:00,e887c22,95a4607,e3ed77dba57aece0a1c7097b6623dddc,20,100,4,1,nvbuffered,8192,1,12.9382
90161,h200x4-04,2026-09-09T01:03:34-04:00,e887c22,95a4607,e3ed77dba57aece0a1c7097b6623dddc,20,100,4,1,direct,8192,2,806.5059
90161,h200x4-04,2026-09-09T01:03:34-04:00,e887c22,95a4607,e3ed77dba57aece0a1c7097b6623dddc,20,100,4,1,single,8192,2,888.2337
90161,h200x4-04,2026-09-09T01:03:34-04:00,e887c22,95a4607,e3ed77dba57aece0a1c7097b6623dddc,20,100,4,1,buffered,8192,2,1024.0817
90161,h200x4-04,2026-09-09T01:03:34-04:00,e887c22,95a4607,e3ed77dba57aece0a1c7097b6623dddc,20,100,4,1,gpumpi,8192,2,1036.5233
90161,h200x4-04,2026-09-09T01:03:34-04:00,e887c22,95a4607,e3ed77dba57aece0a1c7097b6623dddc,20,100,4,1,staged,8192,2,83.8617
90161,h200x4-04,2026-09-09T01:03:34-04:00,e887c22,95a4607,e3ed77dba57aece0a1c7097b6623dddc,20,100,4,1,nvdirect,8192,2,69.2456
90161,h200x4-04,2026-09-09T01:03:34-04:00,e887c22,95a4607,e3ed77dba57aece0a1c7097b6623dddc,20,100,4,1,nvsingle,8192,2,93.1664
90161,h200x4-04,2026-09-09T01:03:34-04:00,e887c22,95a4607,e3ed77dba57aece0a1c7097b6623dddc,20,100,4,1,nvbuffered,8192,2,68.8857
90161,h200x4-04,2026-09-09T01:03:34-04:00,e887c22,95a4607,e3ed77dba57aece0a1c7097b6623dddc,20,100,4,1,direct,8192,3,808.9019
90161,h200x4-04,2026-09-09T01:03:34-04:00,e887c22,95a4607,e3ed77dba57aece0a1c7097b6623dddc,20,100,4,1,single,8192,3,888.3442
90161,h200x4-04,2026-09-09T01:03:34-04:00,e887c22,95a4607,e3ed77dba57aece0a1c7097b6623dddc,20,100,4,1,buffered,8192,3,1023.7639
90161,h200x4-04,2026-09-09T01:03:34-04:00,e887c22,95a4607,e3ed77dba57aece0a1c7097b6623dddc,20,100,4,1,gpumpi,8192,3,1036.0154
90161,h200x4-04,2026-09-09T01:03:34-04:00,e887c22,95a4607,e3ed77dba57aece0a1c7097b6623dddc,20,100,4,1,staged,8192,3,85.3213
90161,h200x4-04,2026-09-09T01:03:34-04:00,e887c22,95a4607,e3ed77dba57aece0a1c7097b6623dddc,20,100,4,1,nvdirect,8192,3,12.9632
90161,h200x4-04,2026-09-09T01:03:34-04:00,e887c22,95a4607,e3ed77dba57aece0a1c7097b6623dddc,20,100,4,1,nvsingle,8192,3,134.5428
90161,h200x4-04,2026-09-09T01:03:34-04:00,e887c22,95a4607,e3ed77dba57aece0a1c7097b6623dddc,20,100,4,1,nvbuffered,8192,3,13.1025
90161,h200x4-04,2026-09-09T01:03:34-04:00,e887c22,95a4607,e3ed77dba57aece0a1c7097b6623dddc,20,100,4,1,direct,12288,1,844.0612
90161,h200x4-04,2026-09-09T01:03:34-04:00,e887c22,95a4607,e3ed77dba57aece0a1c7097b6623dddc,20,100,4,1,single,12288,1,880.7128
90161,h200x4-04,2026-09-09T01:03:34-04:00,e887c22,95a4607,e3ed77dba57aece0a1c7097b6623dddc,20,100,4,1,buffered,12288,1,1062.2442
90161,h200x4-04,2026-09-09T01:03:34-04:00,e887c22,95a4607,e3ed77dba57aece0a1c7097b6623dddc,20,100,4,1,gpumpi,12288,1,1079.2095
90161,h200x4-04,2026-09-09T01:03:34-04:00,e887c22,95a4607,e3ed77dba57aece0a1c7097b6623dddc,20,100,4,1,staged,12288,1,83.4968
90161,h200x4-04,2026-09-09T01:03:34-04:00,e887c22,95a4607,e3ed77dba57aece0a1c7097b6623dddc,20,100,4,1,nvdirect,12288,1,87.5339
90161,h200x4-04,2026-09-09T01:03:34-04:00,e887c22,95a4607,e3ed77dba57aece0a1c7097b6623dddc,20,100,4,1,nvsingle,12288,1,133.7773
90161,h200x4-04,2026-09-09T01:03:34-04:00,e887c22,95a4607,e3ed77dba57aece0a1c7097b6623dddc,20,100,4,1,nvbuffered,12288,1,120.6601
90161,h200x4-04,2026-09-09T01:03:34-04:00,e887c22,95a4607,e3ed77dba57aece0a1c7097b6623dddc,20,100,4,1,direct,12288,2,844.1249
90161,h200x4-04,2026-09-09T01:03:34-04:00,e887c22,95a4607,e3ed77dba57aece0a1c7097b6623dddc,20,100,4,1,single,12288,2,880.7687
90161,h200x4-04,2026-09-09T01:03:34-04:00,e887c22,95a4607,e3ed77dba57aece0a1c7097b6623dddc,20,100,4,1,buffered,12288,2,1063.0277
90161,h200x4-04,2026-09-09T01:03:34-04:00,e887c22,95a4607,e3ed77dba57aece0a1c7097b6623dddc,20,100,4,1,gpumpi,12288,2,1078.4336
90161,h200x4-04,2026-09-09T01:03:34-04:00,e887c22,95a4607,e3ed77dba57aece0a1c7097b6623dddc,20,100,4,1,staged,12288,2,81.7511
90161,h200x4-04,2026-09-09T01:03:34-04:00,e887c22,95a4607,e3ed77dba57aece0a1c7097b6623dddc,20,100,4,1,nvdirect,12288,2,70.6039
90161,h200x4-04,2026-09-09T01:03:34-04:00,e887c22,95a4607,e3ed77dba57aece0a1c7097b6623dddc,20,100,4,1,nvsingle,12288,2,122.4353
90161,h200x4-04,2026-09-09T01:03:34-04:00,e887c22,95a4607,e3ed77dba57aece0a1c7097b6623dddc,20,100,4,1,nvbuffered,12288,2,84.1729
90161,h200x4-04,2026-09-09T01:03:34-04:00,e887c22,95a4607,e3ed77dba57aece0a1c7097b6623dddc,20,100,4,1,direct,12288,3,844.1734
90161,h200x4-04,2026-09-09T01:03:34-04:00,e887c22,95a4607,e3ed77dba57aece0a1c7097b6623dddc,20,100,4,1,single,12288,3,880.4817
90161,h200x4-04,2026-09-09T01:03:34-04:00,e887c22,95a4607,e3ed77dba57aece0a1c7097b6623dddc,20,100,4,1,buffered,12288,3,1062.0957
90161,h200x4-04,2026-09-09T01:03:34-04:00,e887c22,95a4607,e3ed77dba57aece0a1c7097b6623dddc,20,100,4,1,gpumpi,12288,3,1078.6697
90161,h200x4-04,2026-09-09T01:03:34-04:00,e887c22,95a4607,e3ed77dba57aece0a1c7097b6623dddc,20,100,4,1,staged,12288,3,83.0328
90161,h200x4-04,2026-09-09T01:03:34-04:00,e887c22,95a4607,e3ed77dba57aece0a1c7097b6623dddc,20,100,4,1,nvdirect,12288,3,63.0061
90161,h200x4-04,2026-09-09T01:03:34-04:00,e887c22,95a4607,e3ed77dba57aece0a1c7097b6623dddc,20,100,4,1,nvsingle,12288,3,138.6191
90161,h200x4-04,2026-09-09T01:03:34-04:00,e887c22,95a4607,e3ed77dba57aece0a1c7097b6623dddc,20,100,4,1,nvbuffered,12288,3,58.8257
90161,h200x4-04,2026-09-09T01:03:34-04:00,e887c22,95a4607,e3ed77dba57aece0a1c7097b6623dddc,20,100,4,1,direct,16384,1,864.5005
90161,h200x4-04,2026-09-09T01:03:34-04:00,e887c22,95a4607,e3ed77dba57aece0a1c7097b6623dddc,20,100,4,1,single,16384,1,884.7844
90161,h200x4-04,2026-09-09T01:03:34-04:00,e887c22,95a4607,e3ed77dba57aece0a1c7097b6623dddc,20,100,4,1,buffered,16384,1,1064.0941
90161,h200x4-04,2026-09-09T01:03:34-04:00,e887c22,95a4607,e3ed77dba57aece0a1c7097b6623dddc,20,100,4,1,gpumpi,16384,1,1080.2617
90161,h200x4-04,2026-09-09T01:03:34-04:00,e887c22,95a4607,e3ed77dba57aece0a1c7097b6623dddc,20,100,4,1,staged,16384,1,85.1156
90161,h200x4-04,2026-09-09T01:03:34-04:00,e887c22,95a4607,e3ed77dba57aece0a1c7097b6623dddc,20,100,4,1,nvdirect,16384,1,98.5764
90161,h200x4-04,2026-09-09T01:03:34-04:00,e887c22,95a4607,e3ed77dba57aece0a1c7097b6623dddc,20,100,4,1,nvsingle,16384,1,149.8093
90161,h200x4-04,2026-09-09T01:03:34-04:00,e887c22,95a4607,e3ed77dba57aece0a1c7097b6623dddc,20,100,4,1,nvbuffered,16384,1,86.9609
90161,h200x4-04,2026-09-09T01:03:34-04:00,e887c22,95a4607,e3ed77dba57aece0a1c7097b6623dddc,20,100,4,1,direct,16384,2,864.5912
90161,h200x4-04,2026-09-09T01:03:34-04:00,e887c22,95a4607,e3ed77dba57aece0a1c7097b6623dddc,20,100,4,1,single,16384,2,884.7550
90161,h200x4-04,2026-09-09T01:03:34-04:00,e887c22,95a4607,e3ed77dba57aece0a1c7097b6623dddc,20,100,4,1,buffered,16384,2,1064.5653
90161,h200x4-04,2026-09-09T01:03:34-04:00,e887c22,95a4607,e3ed77dba57aece0a1c7097b6623dddc,20,100,4,1,gpumpi,16384,2,1079.7939
90161,h200x4-04,2026-09-09T01:03:34-04:00,e887c22,95a4607,e3ed77dba57aece0a1c7097b6623dddc,20,100,4,1,staged,16384,2,84.7862
90161,h200x4-04,2026-09-09T01:03:34-04:00,e887c22,95a4607,e3ed77dba57aece0a1c7097b6623dddc,20,100,4,1,nvdirect,16384,2,94.3693
90161,h200x4-04,2026-09-09T01:03:34-04:00,e887c22,95a4607,e3ed77dba57aece0a1c7097b6623dddc,20,100,4,1,nvsingle,16384,2,191.6544
90161,h200x4-04,2026-09-09T01:03:34-04:00,e887c22,95a4607,e3ed77dba57aece0a1c7097b6623dddc,20,100,4,1,nvbuffered,16384,2,104.8966
90161,h200x4-04,2026-09-09T01:03:34-04:00,e887c22,95a4607,e3ed77dba57aece0a1c7097b6623dddc,20,100,4,1,direct,16384,3,864.5880
90161,h200x4-04,2026-09-09T01:03:34-04:00,e887c22,95a4607,e3ed77dba57aece0a1c7097b6623dddc,20,100,4,1,single,16384,3,884.7605
90161,h200x4-04,2026-09-09T01:03:34-04:00,e887c22,95a4607,e3ed77dba57aece0a1c7097b6623dddc,20,100,4,1,buffered,16384,3,1063.8466
90161,h200x4-04,2026-09-09T01:03:34-04:00,e887c22,95a4607,e3ed77dba57aece0a1c7097b6623dddc,20,100,4,1,gpumpi,16384,3,1080.2685
90161,h200x4-04,2026-09-09T01:03:34-04:00,e887c22,95a4607,e3ed77dba57aece0a1c7097b6623dddc,20,100,4,1,staged,16384,3,84.9601
90161,h200x4-04,2026-09-09T01:03:34-04:00,e887c22,95a4607,e3ed77dba57aece0a1c7097b6623dddc,20,100,4,1,nvdirect,16384,3,84.2373
90161,h200x4-04,2026-09-09T01:03:34-04:00,e887c22,95a4607,e3ed77dba57aece0a1c7097b6623dddc,20,100,4,1,nvsingle,16384,3,187.6353
90161,h200x4-04,2026-09-09T01:03:34-04:00,e887c22,95a4607,e3ed77dba57aece0a1c7097b6623dddc,20,100,4,1,nvbuffered,16384,3,139.5850
90161,h200x4-04,2026-09-09T01:03:34-04:00,e887c22,95a4607,e3ed77dba57aece0a1c7097b6623dddc,20,100,4,1,direct,24576,1,874.1604
90161,h200x4-04,2026-09-09T01:03:34-04:00,e887c22,95a4607,e3ed77dba57aece0a1c7097b6623dddc,20,100,4,1,single,24576,1,884.2226
90161,h200x4-04,2026-09-09T01:03:34-04:00,e887c22,95a4607,e3ed77dba57aece0a1c7097b6623dddc,20,100,4,1,buffered,24576,1,1089.2371
90161,h200x4-04,2026-09-09T01:03:34-04:00,e887c22,95a4607,e3ed77dba57aece0a1c7097b6623dddc,20,100,4,1,gpumpi,24576,1,1105.5686
90161,h200x4-04,2026-09-09T01:03:34-04:00,e887c22,95a4607,e3ed77dba57aece0a1c7097b6623dddc,20,100,4,1,staged,24576,1,89.0129
90161,h200x4-04,2026-09-09T01:03:34-04:00,e887c22,95a4607,e3ed77dba57aece0a1c7097b6623dddc,20,100,4,1,nvdirect,24576,1,157.6983
90161,h200x4-04,2026-09-09T01:03:34-04:00,e887c22,95a4607,e3ed77dba57aece0a1c7097b6623dddc,20,100,4,1,nvsingle,24576,1,324.6159
90161,h200x4-04,2026-09-09T01:03:34-04:00,e887c22,95a4607,e3ed77dba57aece0a1c7097b6623dddc,20,100,4,1,nvbuffered,24576,1,157.9113
90161,h200x4-04,2026-09-09T01:03:34-04:00,e887c22,95a4607,e3ed77dba57aece0a1c7097b6623dddc,20,100,4,1,direct,24576,2,874.2967
90161,h200x4-04,2026-09-09T01:03:34-04:00,e887c22,95a4607,e3ed77dba57aece0a1c7097b6623dddc,20,100,4,1,single,24576,2,884.1980
90161,h200x4-04,2026-09-09T01:03:34-04:00,e887c22,95a4607,e3ed77dba57aece0a1c7097b6623dddc,20,100,4,1,buffered,24576,2,1089.5793
90161,h200x4-04,2026-09-09T01:03:34-04:00,e887c22,95a4607,e3ed77dba57aece0a1c7097b6623dddc,20,100,4,1,gpumpi,24576,2,1105.4483
90161,h200x4-04,2026-09-09T01:03:34-04:00,e887c22,95a4607,e3ed77dba57aece0a1c7097b6623dddc,20,100,4,1,staged,24576,2,88.8102
90161,h200x4-04,2026-09-09T01:03:34-04:00,e887c22,95a4607,e3ed77dba57aece0a1c7097b6623dddc,20,100,4,1,nvdirect,24576,2,167.4463
90161,h200x4-04,2026-09-09T01:03:34-04:00,e887c22,95a4607,e3ed77dba57aece0a1c7097b6623dddc,20,100,4,1,nvsingle,24576,2,324.2894
90161,h200x4-04,2026-09-09T01:03:34-04:00,e887c22,95a4607,e3ed77dba57aece0a1c7097b6623dddc,20,100,4,1,nvbuffered,24576,2,185.8637
90161,h200x4-04,2026-09-09T01:03:34-04:00,e887c22,95a4607,e3ed77dba57aece0a1c7097b6623dddc,20,100,4,1,direct,24576,3,874.4073
90161,h200x4-04,2026-09-09T01:03:34-04:00,e887c22,95a4607,e3ed77dba57aece0a1c7097b6623dddc,20,100,4,1,single,24576,3,846.8752
90161,h200x4-04,2026-09-09T01:03:34-04:00,e887c22,95a4607,e3ed77dba57aece0a1c7097b6623dddc,20,100,4,1,buffered,24576,3,1089.8424
90161,h200x4-04,2026-09-09T01:03:34-04:00,e887c22,95a4607,e3ed77dba57aece0a1c7097b6623dddc,20,100,4,1,gpumpi,24576,3,1105.8758
90161,h200x4-04,2026-09-09T01:03:34-04:00,e887c22,95a4607,e3ed77dba57aece0a1c7097b6623dddc,20,100,4,1,staged,24576,3,88.2371
90161,h200x4-04,2026-09-09T01:03:34-04:00,e887c22,95a4607,e3ed77dba57aece0a1c7097b6623dddc,20,100,4,1,nvdirect,24576,3,149.7096
90161,h200x4-04,2026-09-09T01:03:34-04:00,e887c22,95a4607,e3ed77dba57aece0a1c7097b6623dddc,20,100,4,1,nvsingle,24576,3,343.0406
90161,h200x4-04,2026-09-09T01:03:34-04:00,e887c22,95a4607,e3ed77dba57aece0a1c7097b6623dddc,20,100,4,1,nvbuffered,24576,3,162.9387
90161,h200x4-04,2026-09-09T01:03:34-04:00,e887c22,95a4607,e3ed77dba57aece0a1c7097b6623dddc,20,100,4,1,direct,32768,1,881.1114
90161,h200x4-04,2026-09-09T01:03:34-04:00,e887c22,95a4607,e3ed77dba57aece0a1c7097b6623dddc,20,100,4,1,single,32768,1,886.1523
90161,h200x4-04,2026-09-09T01:03:34-04:00,e887c22,95a4607,e3ed77dba57aece0a1c7097b6623dddc,20,100,4,1,buffered,32768,1,1077.8740
90161,h200x4-04,2026-09-09T01:03:34-04:00,e887c22,95a4607,e3ed77dba57aece0a1c7097b6623dddc,20,100,4,1,gpumpi,32768,1,1097.7660
90161,h200x4-04,2026-09-09T01:03:34-04:00,e887c22,95a4607,e3ed77dba57aece0a1c7097b6623dddc,20,100,4,1,staged,32768,1,89.7949
90161,h200x4-04,2026-09-09T01:03:34-04:00,e887c22,95a4607,e3ed77dba57aece0a1c7097b6623dddc,20,100,4,1,nvdirect,32768,1,226.9730
90161,h200x4-04,2026-09-09T01:03:34-04:00,e887c22,95a4607,e3ed77dba57aece0a1c7097b6623dddc,20,100,4,1,nvsingle,32768,1,467.9899
90161,h200x4-04,2026-09-09T01:03:34-04:00,e887c22,95a4607,e3ed77dba57aece0a1c7097b6623dddc,20,100,4,1,nvbuffered,32768,1,225.3834
90161,h200x4-04,2026-09-09T01:03:34-04:00,e887c22,95a4607,e3ed77dba57aece0a1c7097b6623dddc,20,100,4,1,direct,32768,2,881.0312
90161,h200x4-04,2026-09-09T01:03:34-04:00,e887c22,95a4607,e3ed77dba57aece0a1c7097b6623dddc,20,100,4,1,single,32768,2,886.1878
90161,h200x4-04,2026-09-09T01:03:34-04:00,e887c22,95a4607,e3ed77dba57aece0a1c7097b6623dddc,20,100,4,1,buffered,32768,2,1077.6915
90161,h200x4-04,2026-09-09T01:03:34-04:00,e887c22,95a4607,e3ed77dba57aece0a1c7097b6623dddc,20,100,4,1,gpumpi,32768,2,1097.6993
90161,h200x4-04,2026-09-09T01:03:34-04:00,e887c22,95a4607,e3ed77dba57aece0a1c7097b6623dddc,20,100,4,1,staged,32768,2,89.8048
90161,h200x4-04,2026-09-09T01:03:34-04:00,e887c22,95a4607,e3ed77dba57aece0a1c7097b6623dddc,20,100,4,1,nvdirect,32768,2,224.4273
90161,h200x4-04,2026-09-09T01:03:34-04:00,e887c22,95a4607,e3ed77dba57aece0a1c7097b6623dddc,20,100,4,1,nvsingle,32768,2,394.6677
90161,h200x4-04,2026-09-09T01:03:34-04:00,e887c22,95a4607,e3ed77dba57aece0a1c7097b6623dddc,20,100,4,1,nvbuffered,32768,2,231.2072
90161,h200x4-04,2026-09-09T01:03:34-04:00,e887c22,95a4607,e3ed77dba57aece0a1c7097b6623dddc,20,100,4,1,direct,32768,3,880.9638
90161,h200x4-04,2026-09-09T01:03:34-04:00,e887c22,95a4607,e3ed77dba57aece0a1c7097b6623dddc,20,100,4,1,single,32768,3,886.1172
90161,h200x4-04,2026-09-09T01:03:34-04:00,e887c22,95a4607,e3ed77dba57aece0a1c7097b6623dddc,20,100,4,1,buffered,32768,3,1077.7638
90161,h200x4-04,2026-09-09T01:03:34-04:00,e887c22,95a4607,e3ed77dba57aece0a1c7097b6623dddc,20,100,4,1,gpumpi,32768,3,1097.5596
90161,h200x4-04,2026-09-09T01:03:34-04:00,e887c22,95a4607,e3ed77dba57aece0a1c7097b6623dddc,20,100,4,1,staged,32768,3,89.4732
90161,h200x4-04,2026-09-09T01:03:34-04:00,e887c22,95a4607,e3ed77dba57aece0a1c7097b6623dddc,20,100,4,1,nvdirect,32768,3,220.0305
90161,h200x4-04,2026-09-09T01:03:34-04:00,e887c22,95a4607,e3ed77dba57aece0a1c7097b6623dddc,20,100,4,1,nvsingle,32768,3,472.1066
90161,h200x4-04,2026-09-09T01:03:34-04:00,e887c22,95a4607,e3ed77dba57aece0a1c7097b6623dddc,20,100,4,1,nvbuffered,32768,3,236.8655
90161,h200x4-04,2026-09-09T01:03:34-04:00,e887c22,95a4607,e3ed77dba57aece0a1c7097b6623dddc,20,100,4,1,direct,49152,1,882.5119
90161,h200x4-04,2026-09-09T01:03:34-04:00,e887c22,95a4607,e3ed77dba57aece0a1c7097b6623dddc,20,100,4,1,single,49152,1,885.0446
90161,h200x4-04,2026-09-09T01:03:34-04:00,e887c22,95a4607,e3ed77dba57aece0a1c7097b6623dddc,20,100,4,1,buffered,49152,1,1072.6774
90161,h200x4-04,2026-09-09T01:03:34-04:00,e887c22,95a4607,e3ed77dba57aece0a1c7097b6623dddc,20,100,4,1,gpumpi,49152,1,1107.6448
90161,h200x4-04,2026-09-09T01:03:34-04:00,e887c22,95a4607,e3ed77dba57aece0a1c7097b6623dddc,20,100,4,1,staged,49152,1,90.6368
90161,h200x4-04,2026-09-09T01:03:34-04:00,e887c22,95a4607,e3ed77dba57aece0a1c7097b6623dddc,20,100,4,1,nvdirect,49152,1,398.5853
90161,h200x4-04,2026-09-09T01:03:34-04:00,e887c22,95a4607,e3ed77dba57aece0a1c7097b6623dddc,20,100,4,1,nvsingle,49152,1,629.5567
90161,h200x4-04,2026-09-09T01:03:34-04:00,e887c22,95a4607,e3ed77dba57aece0a1c7097b6623dddc,20,100,4,1,nvbuffered,49152,1,389.4300
90161,h200x4-04,2026-09-09T01:03:34-04:00,e887c22,95a4607,e3ed77dba57aece0a1c7097b6623dddc,20,100,4,1,direct,49152,2,882.4324
90161,h200x4-04,2026-09-09T01:03:34-04:00,e887c22,95a4607,e3ed77dba57aece0a1c7097b6623dddc,20,100,4,1,single,49152,2,878.1004
90161,h200x4-04,2026-09-09T01:03:34-04:00,e887c22,95a4607,e3ed77dba57aece0a1c7097b6623dddc,20,100,4,1,buffered,49152,2,1088.3120
90161,h200x4-04,2026-09-09T01:03:34-04:00,e887c22,95a4607,e3ed77dba57aece0a1c7097b6623dddc,20,100,4,1,gpumpi,49152,2,1107.6316
90161,h200x4-04,2026-09-09T01:03:34-04:00,e887c22,95a4607,e3ed77dba57aece0a1c7097b6623dddc,20,100,4,1,staged,49152,2,90.6816
90161,h200x4-04,2026-09-09T01:03:34-04:00,e887c22,95a4607,e3ed77dba57aece0a1c7097b6623dddc,20,100,4,1,nvdirect,49152,2,372.6076
90161,h200x4-04,2026-09-09T01:03:34-04:00,e887c22,95a4607,e3ed77dba57aece0a1c7097b6623dddc,20,100,4,1,nvsingle,49152,2,626.5967
90161,h200x4-04,2026-09-09T01:03:34-04:00,e887c22,95a4607,e3ed77dba57aece0a1c7097b6623dddc,20,100,4,1,nvbuffered,49152,2,432.2840
90161,h200x4-04,2026-09-09T01:03:34-04:00,e887c22,95a4607,e3ed77dba57aece0a1c7097b6623dddc,20,100,4,1,direct,49152,3,882.4639
90161,h200x4-04,2026-09-09T01:03:34-04:00,e887c22,95a4607,e3ed77dba57aece0a1c7097b6623dddc,20,100,4,1,single,49152,3,885.0755
90161,h200x4-04,2026-09-09T01:03:34-04:00,e887c22,95a4607,e3ed77dba57aece0a1c7097b6623dddc,20,100,4,1,buffered,49152,3,1088.4394
90161,h200x4-04,2026-09-09T01:03:34-04:00,e887c22,95a4607,e3ed77dba57aece0a1c7097b6623dddc,20,100,4,1,gpumpi,49152,3,1089.7607
90161,h200x4-04,2026-09-09T01:03:34-04:00,e887c22,95a4607,e3ed77dba57aece0a1c7097b6623dddc,20,100,4,1,staged,49152,3,90.5463
90161,h200x4-04,2026-09-09T01:03:34-04:00,e887c22,95a4607,e3ed77dba57aece0a1c7097b6623dddc,20,100,4,1,nvdirect,49152,3,373.7286
90161,h200x4-04,2026-09-09T01:03:34-04:00,e887c22,95a4607,e3ed77dba57aece0a1c7097b6623dddc,20,100,4,1,nvsingle,49152,3,548.9191
90161,h200x4-04,2026-09-09T01:03:34-04:00,e887c22,95a4607,e3ed77dba57aece0a1c7097b6623dddc,20,100,4,1,nvbuffered,49152,3,402.2775
90161,h200x4-04,2026-09-09T01:03:34-04:00,e887c22,95a4607,e3ed77dba57aece0a1c7097b6623dddc,20,100,4,1,direct,65536,1,885.3721
90161,h200x4-04,2026-09-09T01:03:34-04:00,e887c22,95a4607,e3ed77dba57aece0a1c7097b6623dddc,20,100,4,1,single,65536,1,886.8145
90161,h200x4-04,2026-09-09T01:03:34-04:00,e887c22,95a4607,e3ed77dba57aece0a1c7097b6623dddc,20,100,4,1,buffered,65536,1,1092.6846
90161,h200x4-04,2026-09-09T01:03:34-04:00,e887c22,95a4607,e3ed77dba57aece0a1c7097b6623dddc,20,100,4,1,gpumpi,65536,1,1111.8915
90161,h200x4-04,2026-09-09T01:03:34-04:00,e887c22,95a4607,e3ed77dba57aece0a1c7097b6623dddc,20,100,4,1,staged,65536,1,91.1940
90161,h200x4-04,2026-09-09T01:03:34-04:00,e887c22,95a4607,e3ed77dba57aece0a1c7097b6623dddc,20,100,4,1,nvdirect,65536,1,470.4887
90161,h200x4-04,2026-09-09T01:03:34-04:00,e887c22,95a4607,e3ed77dba57aece0a1c7097b6623dddc,20,100,4,1,nvsingle,65536,1,713.8952
90161,h200x4-04,2026-09-09T01:03:34-04:00,e887c22,95a4607,e3ed77dba57aece0a1c7097b6623dddc,20,100,4,1,nvbuffered,65536,1,607.8683
90161,h200x4-04,2026-09-09T01:03:34-04:00,e887c22,95a4607,e3ed77dba57aece0a1c7097b6623dddc,20,100,4,1,direct,65536,2,882.0573
90161,h200x4-04,2026-09-09T01:03:34-04:00,e887c22,95a4607,e3ed77dba57aece0a1c7097b6623dddc,20,100,4,1,single,65536,2,886.8451
90161,h200x4-04,2026-09-09T01:03:34-04:00,e887c22,95a4607,e3ed77dba57aece0a1c7097b6623dddc,20,100,4,1,buffered,65536,2,1092.3323
90161,h200x4-04,2026-09-09T01:03:34-04:00,e887c22,95a4607,e3ed77dba57aece0a1c7097b6623dddc,20,100,4,1,gpumpi,65536,2,1111.8643
90161,h200x4-04,2026-09-09T01:03:34-04:00,e887c22,95a4607,e3ed77dba57aece0a1c7097b6623dddc,20,100,4,1,staged,65536,2,91.2447
90161,h200x4-04,2026-09-09T01:03:34-04:00,e887c22,95a4607,e3ed77dba57aece0a1c7097b6623dddc,20,100,4,1,nvdirect,65536,2,458.9260
90161,h200x4-04,2026-09-09T01:03:34-04:00,e887c22,95a4607,e3ed77dba57aece0a1c7097b6623dddc,20,100,4,1,nvsingle,65536,2,688.2264
90161,h200x4-04,2026-09-09T01:03:34-04:00,e887c22,95a4607,e3ed77dba57aece0a1c7097b6623dddc,20,100,4,1,nvbuffered,65536,2,565.9845
90161,h200x4-04,2026-09-09T01:03:34-04:00,e887c22,95a4607,e3ed77dba57aece0a1c7097b6623dddc,20,100,4,1,direct,65536,3,880.1868
90161,h200x4-04,2026-09-09T01:03:34-04:00,e887c22,95a4607,e3ed77dba57aece0a1c7097b6623dddc,20,100,4,1,single,65536,3,886.8585
90161,h200x4-04,2026-09-09T01:03:34-04:00,e887c22,95a4607,e3ed77dba57aece0a1c7097b6623dddc,20,100,4,1,buffered,65536,3,1092.5089
90161,h200x4-04,2026-09-09T01:03:34-04:00,e887c22,95a4607,e3ed77dba57aece0a1c7097b6623dddc,20,100,4,1,gpumpi,65536,3,1111.8297
90161,h200x4-04,2026-09-09T01:03:34-04:00,e887c22,95a4607,e3ed77dba57aece0a1c7097b6623dddc,20,100,4,1,staged,65536,3,91.2241
90161,h200x4-04,2026-09-09T01:03:34-04:00,e887c22,95a4607,e3ed77dba57aece0a1c7097b6623dddc,20,100,4,1,nvdirect,65536,3,511.3066
90161,h200x4-04,2026-09-09T01:03:34-04:00,e887c22,95a4607,e3ed77dba57aece0a1c7097b6623dddc,20,100,4,1,nvsingle,65536,3,723.4209
90161,h200x4-04,2026-09-09T01:03:34-04:00,e887c22,95a4607,e3ed77dba57aece0a1c7097b6623dddc,20,100,4,1,nvbuffered,65536,3,547.5539
90161,h200x4-04,2026-09-09T01:03:34-04:00,e887c22,95a4607,e3ed77dba57aece0a1c7097b6623dddc,20,100,4,0,direct,1024,1,310.1185
90161,h200x4-04,2026-09-09T01:03:34-04:00,e887c22,95a4607,e3ed77dba57aece0a1c7097b6623dddc,20,100,4,0,single,1024,1,705.1505
90161,h200x4-04,2026-09-09T01:03:34-04:00,e887c22,95a4607,e3ed77dba57aece0a1c7097b6623dddc,20,100,4,0,buffered,1024,1,225.3797
90161,h200x4-04,2026-09-09T01:03:34-04:00,e887c22,95a4607,e3ed77dba57aece0a1c7097b6623dddc,20,100,4,0,gpumpi,1024,1,242.4009
90161,h200x4-04,2026-09-09T01:03:34-04:00,e887c22,95a4607,e3ed77dba57aece0a1c7097b6623dddc,20,100,4,0,staged,1024,1,66.8761
90161,h200x4-04,2026-09-09T01:03:34-04:00,e887c22,95a4607,e3ed77dba57aece0a1c7097b6623dddc,20,100,4,0,nvdirect,1024,1,32.2638
90161,h200x4-04,2026-09-09T01:03:34-04:00,e887c22,95a4607,e3ed77dba57aece0a1c7097b6623dddc,20,100,4,0,nvsingle,1024,1,432.0352
90161,h200x4-04,2026-09-09T01:03:34-04:00,e887c22,95a4607,e3ed77dba57aece0a1c7097b6623dddc,20,100,4,0,nvbuffered,1024,1,1.5945
90161,h200x4-04,2026-09-09T01:03:34-04:00,e887c22,95a4607,e3ed77dba57aece0a1c7097b6623dddc,20,100,4,0,direct,1024,2,310.0480
90161,h200x4-04,2026-09-09T01:03:34-04:00,e887c22,95a4607,e3ed77dba57aece0a1c7097b6623dddc,20,100,4,0,single,1024,2,710.7397
90161,h200x4-04,2026-09-09T01:03:34-04:00,e887c22,95a4607,e3ed77dba57aece0a1c7097b6623dddc,20,100,4,0,buffered,1024,2,225.0662
90161,h200x4-04,2026-09-09T01:03:34-04:00,e887c22,95a4607,e3ed77dba57aece0a1c7097b6623dddc,20,100,4,0,gpumpi,1024,2,243.9476
90161,h200x4-04,2026-09-09T01:03:34-04:00,e887c22,95a4607,e3ed77dba57aece0a1c7097b6623dddc,20,100,4,0,staged,1024,2,72.8008
90161,h200x4-04,2026-09-09T01:03:34-04:00,e887c22,95a4607,e3ed77dba57aece0a1c7097b6623dddc,20,100,4,0,nvdirect,1024,2,12.0760
90161,h200x4-04,2026-09-09T01:03:34-04:00,e887c22,95a4607,e3ed77dba57aece0a1c7097b6623dddc,20,100,4,0,nvsingle,1024,2,23.8677
90161,h200x4-04,2026-09-09T01:03:34-04:00,e887c22,95a4607,e3ed77dba57aece0a1c7097b6623dddc,20,100,4,0,nvbuffered,1024,2,16.0123
90161,h200x4-04,2026-09-09T01:03:34-04:00,e887c22,95a4607,e3ed77dba57aece0a1c7097b6623dddc,20,100,4,0,direct,1024,3,309.6166
90161,h200x4-04,2026-09-09T01:03:34-04:00,e887c22,95a4607,e3ed77dba57aece0a1c7097b6623dddc,20,100,4,0,single,1024,3,713.0778
90161,h200x4-04,2026-09-09T01:03:34-04:00,e887c22,95a4607,e3ed77dba57aece0a1c7097b6623dddc,20,100,4,0,buffered,1024,3,225.3852
90161,h200x4-04,2026-09-09T01:03:34-04:00,e887c22,95a4607,e3ed77dba57aece0a1c7097b6623dddc,20,100,4,0,gpumpi,1024,3,242.7155
90161,h200x4-04,2026-09-09T01:03:34-04:00,e887c22,95a4607,e3ed77dba57aece0a1c7097b6623dddc,20,100,4,0,staged,1024,3,70.3557
90161,h200x4-04,2026-09-09T01:03:34-04:00,e887c22,95a4607,e3ed77dba57aece0a1c7097b6623dddc,20,100,4,0,nvdirect,1024,3,164.4644
90161,h200x4-04,2026-09-09T01:03:34-04:00,e887c22,95a4607,e3ed77dba57aece0a1c7097b6623dddc,20,100,4,0,nvsingle,1024,3,15.7594
90161,h200x4-04,2026-09-09T01:03:34-04:00,e887c22,95a4607,e3ed77dba57aece0a1c7097b6623dddc,20,100,4,0,nvbuffered,1024,3,29.4846
90161,h200x4-04,2026-09-09T01:03:34-04:00,e887c22,95a4607,e3ed77dba57aece0a1c7097b6623dddc,20,100,4,0,direct,1536,1,487.6697
90161,h200x4-04,2026-09-09T01:03:34-04:00,e887c22,95a4607,e3ed77dba57aece0a1c7097b6623dddc,20,100,4,0,single,1536,1,970.2653
90161,h200x4-04,2026-09-09T01:03:34-04:00,e887c22,95a4607,e3ed77dba57aece0a1c7097b6623dddc,20,100,4,0,buffered,1536,1,411.6118
90161,h200x4-04,2026-09-09T01:03:34-04:00,e887c22,95a4607,e3ed77dba57aece0a1c7097b6623dddc,20,100,4,0,gpumpi,1536,1,436.4982
90161,h200x4-04,2026-09-09T01:03:34-04:00,e887c22,95a4607,e3ed77dba57aece0a1c7097b6623dddc,20,100,4,0,staged,1536,1,85.6943
90161,h200x4-04,2026-09-09T01:03:34-04:00,e887c22,95a4607,e3ed77dba57aece0a1c7097b6623dddc,20,100,4,0,nvdirect,1536,1,77.3288
90161,h200x4-04,2026-09-09T01:03:34-04:00,e887c22,95a4607,e3ed77dba57aece0a1c7097b6623dddc,20,100,4,0,nvsingle,1536,1,68.4720
90161,h200x4-04,2026-09-09T01:03:34-04:00,e887c22,95a4607,e3ed77dba57aece0a1c7097b6623dddc,20,100,4,0,nvbuffered,1536,1,0.4543
90161,h200x4-04,2026-09-09T01:03:34-04:00,e887c22,95a4607,e3ed77dba57aece0a1c7097b6623dddc,20,100,4,0,direct,1536,2,485.6257
90161,h200x4-04,2026-09-09T01:03:34-04:00,e887c22,95a4607,e3ed77dba57aece0a1c7097b6623dddc,20,100,4,0,single,1536,2,978.9564
90161,h200x4-04,2026-09-09T01:03:34-04:00,e887c22,95a4607,e3ed77dba57aece0a1c7097b6623dddc,20,100,4,0,buffered,1536,2,410.5812
90161,h200x4-04,2026-09-09T01:03:34-04:00,e887c22,95a4607,e3ed77dba57aece0a1c7097b6623dddc,20,100,4,0,gpumpi,1536,2,433.6112
90161,h200x4-04,2026-09-09T01:03:34-04:00,e887c22,95a4607,e3ed77dba57aece0a1c7097b6623dddc,20,100,4,0,staged,1536,2,83.5980
90161,h200x4-04,2026-09-09T01:03:34-04:00,e887c22,95a4607,e3ed77dba57aece0a1c7097b6623dddc,20,100,4,0,nvdirect,1536,2,33.6452
90161,h200x4-04,2026-09-09T01:03:34-04:00,e887c22,95a4607,e3ed77dba57aece0a1c7097b6623dddc,20,100,4,0,nvsingle,1536,2,45.7584
90161,h200x4-04,2026-09-09T01:03:34-04:00,e887c22,95a4607,e3ed77dba57aece0a1c7097b6623dddc,20,100,4,0,nvbuffered,1536,2,14.2965
90161,h200x4-04,2026-09-09T01:03:34-04:00,e887c22,95a4607,e3ed77dba57aece0a1c7097b6623dddc,20,100,4,0,direct,1536,3,485.5033
90161,h200x4-04,2026-09-09T01:03:34-04:00,e887c22,95a4607,e3ed77dba57aece0a1c7097b6623dddc,20,100,4,0,single,1536,3,982.9072
90161,h200x4-04,2026-09-09T01:03:34-04:00,e887c22,95a4607,e3ed77dba57aece0a1c7097b6623dddc,20,100,4,0,buffered,1536,3,410.9495
90161,h200x4-04,2026-09-09T01:03:34-04:00,e887c22,95a4607,e3ed77dba57aece0a1c7097b6623dddc,20,100,4,0,gpumpi,1536,3,433.5195
90161,h200x4-04,2026-09-09T01:03:34-04:00,e887c22,95a4607,e3ed77dba57aece0a1c7097b6623dddc,20,100,4,0,staged,1536,3,83.2523
90161,h200x4-04,2026-09-09T01:03:34-04:00,e887c22,95a4607,e3ed77dba57aece0a1c7097b6623dddc,20,100,4,0,nvdirect,1536,3,70.5483
90161,h200x4-04,2026-09-09T01:03:34-04:00,e887c22,95a4607,e3ed77dba57aece0a1c7097b6623dddc,20,100,4,0,nvsingle,1536,3,783.0751
90161,h200x4-04,2026-09-09T01:03:34-04:00,e887c22,95a4607,e3ed77dba57aece0a1c7097b6623dddc,20,100,4,0,nvbuffered,1536,3,0.4518
90161,h200x4-04,2026-09-09T01:03:34-04:00,e887c22,95a4607,e3ed77dba57aece0a1c7097b6623dddc,20,100,4,0,direct,2048,1,723.7825
90161,h200x4-04,2026-09-09T01:03:34-04:00,e887c22,95a4607,e3ed77dba57aece0a1c7097b6623dddc,20,100,4,0,single,2048,1,1218.5047
90161,h200x4-04,2026-09-09T01:03:34-04:00,e887c22,95a4607,e3ed77dba57aece0a1c7097b6623dddc,20,100,4,0,buffered,2048,1,582.2383
90161,h200x4-04,2026-09-09T01:03:34-04:00,e887c22,95a4607,e3ed77dba57aece0a1c7097b6623dddc,20,100,4,0,gpumpi,2048,1,612.3521
90161,h200x4-04,2026-09-09T01:03:34-04:00,e887c22,95a4607,e3ed77dba57aece0a1c7097b6623dddc,20,100,4,0,staged,2048,1,102.7652
90161,h200x4-04,2026-09-09T01:03:34-04:00,e887c22,95a4607,e3ed77dba57aece0a1c7097b6623dddc,20,100,4,0,nvdirect,2048,1,65.5595
90161,h200x4-04,2026-09-09T01:03:34-04:00,e887c22,95a4607,e3ed77dba57aece0a1c7097b6623dddc,20,100,4,0,nvsingle,2048,1,239.1041
90161,h200x4-04,2026-09-09T01:03:34-04:00,e887c22,95a4607,e3ed77dba57aece0a1c7097b6623dddc,20,100,4,0,nvbuffered,2048,1,119.7661
90161,h200x4-04,2026-09-09T01:03:34-04:00,e887c22,95a4607,e3ed77dba57aece0a1c7097b6623dddc,20,100,4,0,direct,2048,2,721.7144
90161,h200x4-04,2026-09-09T01:03:34-04:00,e887c22,95a4607,e3ed77dba57aece0a1c7097b6623dddc,20,100,4,0,single,2048,2,1223.9851
90161,h200x4-04,2026-09-09T01:03:34-04:00,e887c22,95a4607,e3ed77dba57aece0a1c7097b6623dddc,20,100,4,0,buffered,2048,2,581.6493
90161,h200x4-04,2026-09-09T01:03:34-04:00,e887c22,95a4607,e3ed77dba57aece0a1c7097b6623dddc,20,100,4,0,gpumpi,2048,2,613.7826
90161,h200x4-04,2026-09-09T01:03:34-04:00,e887c22,95a4607,e3ed77dba57aece0a1c7097b6623dddc,20,100,4,0,staged,2048,2,99.0544
90161,h200x4-04,2026-09-09T01:03:34-04:00,e887c22,95a4607,e3ed77dba57aece0a1c7097b6623dddc,20,100,4,0,nvdirect,2048,2,233.0090
90161,h200x4-04,2026-09-09T01:03:34-04:00,e887c22,95a4607,e3ed77dba57aece0a1c7097b6623dddc,20,100,4,0,nvsingle,2048,2,13.9580
90161,h200x4-04,2026-09-09T01:03:34-04:00,e887c22,95a4607,e3ed77dba57aece0a1c7097b6623dddc,20,100,4,0,nvbuffered,2048,2,23.9911
90161,h200x4-04,2026-09-09T01:03:34-04:00,e887c22,95a4607,e3ed77dba57aece0a1c7097b6623dddc,20,100,4,0,direct,2048,3,722.6314
90161,h200x4-04,2026-09-09T01:03:34-04:00,e887c22,95a4607,e3ed77dba57aece0a1c7097b6623dddc,20,100,4,0,single,2048,3,1217.1387
90161,h200x4-04,2026-09-09T01:03:34-04:00,e887c22,95a4607,e3ed77dba57aece0a1c7097b6623dddc,20,100,4,0,buffered,2048,3,582.5516
90161,h200x4-04,2026-09-09T01:03:34-04:00,e887c22,95a4607,e3ed77dba57aece0a1c7097b6623dddc,20,100,4,0,gpumpi,2048,3,613.7102
90161,h200x4-04,2026-09-09T01:03:34-04:00,e887c22,95a4607,e3ed77dba57aece0a1c7097b6623dddc,20,100,4,0,staged,2048,3,88.4030
90161,h200x4-04,2026-09-09T01:03:34-04:00,e887c22,95a4607,e3ed77dba57aece0a1c7097b6623dddc,20,100,4,0,nvdirect,2048,3,0.8555
90161,h200x4-04,2026-09-09T01:03:34-04:00,e887c22,95a4607,e3ed77dba57aece0a1c7097b6623dddc,20,100,4,0,nvsingle,2048,3,33.7635
90161,h200x4-04,2026-09-09T01:03:34-04:00,e887c22,95a4607,e3ed77dba57aece0a1c7097b6623dddc,20,100,4,0,nvbuffered,2048,3,8.8971
90161,h200x4-04,2026-09-09T01:03:34-04:00,e887c22,95a4607,e3ed77dba57aece0a1c7097b6623dddc,20,100,4,0,direct,3072,1,956.7067
90161,h200x4-04,2026-09-09T01:03:34-04:00,e887c22,95a4607,e3ed77dba57aece0a1c7097b6623dddc,20,100,4,0,single,3072,1,1341.2612
90161,h200x4-04,2026-09-09T01:03:34-04:00,e887c22,95a4607,e3ed77dba57aece0a1c7097b6623dddc,20,100,4,0,buffered,3072,1,798.8461
90161,h200x4-04,2026-09-09T01:03:34-04:00,e887c22,95a4607,e3ed77dba57aece0a1c7097b6623dddc,20,100,4,0,gpumpi,3072,1,818.7380
90161,h200x4-04,2026-09-09T01:03:34-04:00,e887c22,95a4607,e3ed77dba57aece0a1c7097b6623dddc,20,100,4,0,staged,3072,1,92.9183
90161,h200x4-04,2026-09-09T01:03:34-04:00,e887c22,95a4607,e3ed77dba57aece0a1c7097b6623dddc,20,100,4,0,nvdirect,3072,1,32.7452
90161,h200x4-04,2026-09-09T01:03:34-04:00,e887c22,95a4607,e3ed77dba57aece0a1c7097b6623dddc,20,100,4,0,nvsingle,3072,1,507.3215
90161,h200x4-04,2026-09-09T01:03:34-04:00,e887c22,95a4607,e3ed77dba57aece0a1c7097b6623dddc,20,100,4,0,nvbuffered,3072,1,24.1459
90161,h200x4-04,2026-09-09T01:03:34-04:00,e887c22,95a4607,e3ed77dba57aece0a1c7097b6623dddc,20,100,4,0,direct,3072,2,959.3613
90161,h200x4-04,2026-09-09T01:03:34-04:00,e887c22,95a4607,e3ed77dba57aece0a1c7097b6623dddc,20,100,4,0,single,3072,2,1342.7043
90161,h200x4-04,2026-09-09T01:03:34-04:00,e887c22,95a4607,e3ed77dba57aece0a1c7097b6623dddc,20,100,4,0,buffered,3072,2,800.5585
90161,h200x4-04,2026-09-09T01:03:34-04:00,e887c22,95a4607,e3ed77dba57aece0a1c7097b6623dddc,20,100,4,0,gpumpi,3072,2,819.3671
90161,h200x4-04,2026-09-09T01:03:34-04:00,e887c22,95a4607,e3ed77dba57aece0a1c7097b6623dddc,20,100,4,0,staged,3072,2,103.4821
90161,h200x4-04,2026-09-09T01:03:34-04:00,e887c22,95a4607,e3ed77dba57aece0a1c7097b6623dddc,20,100,4,0,nvdirect,3072,2,181.6116
90161,h200x4-04,2026-09-09T01:03:34-04:00,e887c22,95a4607,e3ed77dba57aece0a1c7097b6623dddc,20,100,4,0,nvsingle,3072,2,262.1659
90161,h200x4-04,2026-09-09T01:03:34-04:00,e887c22,95a4607,e3ed77dba57aece0a1c7097b6623dddc,20,100,4,0,nvbuffered,3072,2,1.8258
90161,h200x4-04,2026-09-09T01:03:34-04:00,e887c22,95a4607,e3ed77dba57aece0a1c7097b6623dddc,20,100,4,0,direct,3072,3,962.5555
90161,h200x4-04,2026-09-09T01:03:34-04:00,e887c22,95a4607,e3ed77dba57aece0a1c7097b6623dddc,20,100,4,0,single,3072,3,1340.9204
90161,h200x4-04,2026-09-09T01:03:34-04:00,e887c22,95a4607,e3ed77dba57aece0a1c7097b6623dddc,20,100,4,0,buffered,3072,3,799.3993
90161,h200x4-04,2026-09-09T01:03:34-04:00,e887c22,95a4607,e3ed77dba57aece0a1c7097b6623dddc,20,100,4,0,gpumpi,3072,3,820.0016
90161,h200x4-04,2026-09-09T01:03:34-04:00,e887c22,95a4607,e3ed77dba57aece0a1c7097b6623dddc,20,100,4,0,staged,3072,3,103.4199
90161,h200x4-04,2026-09-09T01:03:34-04:00,e887c22,95a4607,e3ed77dba57aece0a1c7097b6623dddc,20,100,4,0,nvdirect,3072,3,25.5132
90161,h200x4-04,2026-09-09T01:03:34-04:00,e887c22,95a4607,e3ed77dba57aece0a1c7097b6623dddc,20,100,4,0,nvsingle,3072,3,84.7318
90161,h200x4-04,2026-09-09T01:03:34-04:00,e887c22,95a4607,e3ed77dba57aece0a1c7097b6623dddc,20,100,4,0,nvbuffered,3072,3,35.2332
90161,h200x4-04,2026-09-09T01:03:34-04:00,e887c22,95a4607,e3ed77dba57aece0a1c7097b6623dddc,20,100,4,0,direct,4096,1,1058.0280
90161,h200x4-04,2026-09-09T01:03:34-04:00,e887c22,95a4607,e3ed77dba57aece0a1c7097b6623dddc,20,100,4,0,single,4096,1,1322.0854
90161,h200x4-04,2026-09-09T01:03:34-04:00,e887c22,95a4607,e3ed77dba57aece0a1c7097b6623dddc,20,100,4,0,buffered,4096,1,916.6628
90161,h200x4-04,2026-09-09T01:03:34-04:00,e887c22,95a4607,e3ed77dba57aece0a1c7097b6623dddc,20,100,4,0,gpumpi,4096,1,946.0277
90161,h200x4-04,2026-09-09T01:03:34-04:00,e887c22,95a4607,e3ed77dba57aece0a1c7097b6623dddc,20,100,4,0,staged,4096,1,102.5475
90161,h200x4-04,2026-09-09T01:03:34-04:00,e887c22,95a4607,e3ed77dba57aece0a1c7097b6623dddc,20,100,4,0,nvdirect,4096,1,6.8947
90161,h200x4-04,2026-09-09T01:03:34-04:00,e887c22,95a4607,e3ed77dba57aece0a1c7097b6623dddc,20,100,4,0,nvsingle,4096,1,80.5821
90161,h200x4-04,2026-09-09T01:03:34-04:00,e887c22,95a4607,e3ed77dba57aece0a1c7097b6623dddc,20,100,4,0,nvbuffered,4096,1,44.8083
90161,h200x4-04,2026-09-09T01:03:34-04:00,e887c22,95a4607,e3ed77dba57aece0a1c7097b6623dddc,20,100,4,0,direct,4096,2,1057.4686
90161,h200x4-04,2026-09-09T01:03:34-04:00,e887c22,95a4607,e3ed77dba57aece0a1c7097b6623dddc,20,100,4,0,single,4096,2,1323.0139
90161,h200x4-04,2026-09-09T01:03:34-04:00,e887c22,95a4607,e3ed77dba57aece0a1c7097b6623dddc,20,100,4,0,buffered,4096,2,915.9479
90161,h200x4-04,2026-09-09T01:03:34-04:00,e887c22,95a4607,e3ed77dba57aece0a1c7097b6623dddc,20,100,4,0,gpumpi,4096,2,945.0924
90161,h200x4-04,2026-09-09T01:03:34-04:00,e887c22,95a4607,e3ed77dba57aece0a1c7097b6623dddc,20,100,4,0,staged,4096,2,104.2099
90161,h200x4-04,2026-09-09T01:03:34-04:00,e887c22,95a4607,e3ed77dba57aece0a1c7097b6623dddc,20,100,4,0,nvdirect,4096,2,31.5361
90161,h200x4-04,2026-09-09T01:03:34-04:00,e887c22,95a4607,e3ed77dba57aece0a1c7097b6623dddc,20,100,4,0,nvsingle,4096,2,9.7791
90161,h200x4-04,2026-09-09T01:03:34-04:00,e887c22,95a4607,e3ed77dba57aece0a1c7097b6623dddc,20,100,4,0,nvbuffered,4096,2,24.1976
90161,h200x4-04,2026-09-09T01:03:34-04:00,e887c22,95a4607,e3ed77dba57aece0a1c7097b6623dddc,20,100,4,0,direct,4096,3,1056.0587
90161,h200x4-04,2026-09-09T01:03:34-04:00,e887c22,95a4607,e3ed77dba57aece0a1c7097b6623dddc,20,100,4,0,single,4096,3,1322.4829
90161,h200x4-04,2026-09-09T01:03:34-04:00,e887c22,95a4607,e3ed77dba57aece0a1c7097b6623dddc,20,100,4,0,buffered,4096,3,917.6650
90161,h200x4-04,2026-09-09T01:03:34-04:00,e887c22,95a4607,e3ed77dba57aece0a1c7097b6623dddc,20,100,4,0,gpumpi,4096,3,945.3831
90161,h200x4-04,2026-09-09T01:03:34-04:00,e887c22,95a4607,e3ed77dba57aece0a1c7097b6623dddc,20,100,4,0,staged,4096,3,96.0078
90161,h200x4-04,2026-09-09T01:03:34-04:00,e887c22,95a4607,e3ed77dba57aece0a1c7097b6623dddc,20,100,4,0,nvdirect,4096,3,51.2675
90161,h200x4-04,2026-09-09T01:03:34-04:00,e887c22,95a4607,e3ed77dba57aece0a1c7097b6623dddc,20,100,4,0,nvsingle,4096,3,85.6473
90161,h200x4-04,2026-09-09T01:03:34-04:00,e887c22,95a4607,e3ed77dba57aece0a1c7097b6623dddc,20,100,4,0,nvbuffered,4096,3,3.3112
90161,h200x4-04,2026-09-09T01:03:34-04:00,e887c22,95a4607,e3ed77dba57aece0a1c7097b6623dddc,20,100,4,0,direct,6144,1,1175.1234
90161,h200x4-04,2026-09-09T01:03:34-04:00,e887c22,95a4607,e3ed77dba57aece0a1c7097b6623dddc,20,100,4,0,single,6144,1,1310.1341
90161,h200x4-04,2026-09-09T01:03:34-04:00,e887c22,95a4607,e3ed77dba57aece0a1c7097b6623dddc,20,100,4,0,buffered,6144,1,1036.9790
90161,h200x4-04,2026-09-09T01:03:34-04:00,e887c22,95a4607,e3ed77dba57aece0a1c7097b6623dddc,20,100,4,0,gpumpi,6144,1,1059.3403
90161,h200x4-04,2026-09-09T01:03:34-04:00,e887c22,95a4607,e3ed77dba57aece0a1c7097b6623dddc,20,100,4,0,staged,6144,1,90.6125
90161,h200x4-04,2026-09-09T01:03:34-04:00,e887c22,95a4607,e3ed77dba57aece0a1c7097b6623dddc,20,100,4,0,nvdirect,6144,1,32.1574
90161,h200x4-04,2026-09-09T01:03:34-04:00,e887c22,95a4607,e3ed77dba57aece0a1c7097b6623dddc,20,100,4,0,nvsingle,6144,1,57.6524
90161,h200x4-04,2026-09-09T01:03:34-04:00,e887c22,95a4607,e3ed77dba57aece0a1c7097b6623dddc,20,100,4,0,nvbuffered,6144,1,55.3327
90161,h200x4-04,2026-09-09T01:03:34-04:00,e887c22,95a4607,e3ed77dba57aece0a1c7097b6623dddc,20,100,4,0,direct,6144,2,1175.5138
90161,h200x4-04,2026-09-09T01:03:34-04:00,e887c22,95a4607,e3ed77dba57aece0a1c7097b6623dddc,20,100,4,0,single,6144,2,1310.3708
90161,h200x4-04,2026-09-09T01:03:34-04:00,e887c22,95a4607,e3ed77dba57aece0a1c7097b6623dddc,20,100,4,0,buffered,6144,2,1037.0378
90161,h200x4-04,2026-09-09T01:03:34-04:00,e887c22,95a4607,e3ed77dba57aece0a1c7097b6623dddc,20,100,4,0,gpumpi,6144,2,1059.2014
90161,h200x4-04,2026-09-09T01:03:34-04:00,e887c22,95a4607,e3ed77dba57aece0a1c7097b6623dddc,20,100,4,0,staged,6144,2,90.4777
90161,h200x4-04,2026-09-09T01:03:34-04:00,e887c22,95a4607,e3ed77dba57aece0a1c7097b6623dddc,20,100,4,0,nvdirect,6144,2,42.8203
90161,h200x4-04,2026-09-09T01:03:34-04:00,e887c22,95a4607,e3ed77dba57aece0a1c7097b6623dddc,20,100,4,0,nvsingle,6144,2,167.3101
90161,h200x4-04,2026-09-09T01:03:34-04:00,e887c22,95a4607,e3ed77dba57aece0a1c7097b6623dddc,20,100,4,0,nvbuffered,6144,2,8.4190
90161,h200x4-04,2026-09-09T01:03:34-04:00,e887c22,95a4607,e3ed77dba57aece0a1c7097b6623dddc,20,100,4,0,direct,6144,3,1175.9777
90161,h200x4-04,2026-09-09T01:03:34-04:00,e887c22,95a4607,e3ed77dba57aece0a1c7097b6623dddc,20,100,4,0,single,6144,3,1310.7851
90161,h200x4-04,2026-09-09T01:03:34-04:00,e887c22,95a4607,e3ed77dba57aece0a1c7097b6623dddc,20,100,4,0,buffered,6144,3,1038.0316
90161,h200x4-04,2026-09-09T01:03:34-04:00,e887c22,95a4607,e3ed77dba57aece0a1c7097b6623dddc,20,100,4,0,gpumpi,6144,3,1059.4208
90161,h200x4-04,2026-09-09T01:03:34-04:00,e887c22,95a4607,e3ed77dba57aece0a1c7097b6623dddc,20,100,4,0,staged,6144,3,91.3070
90161,h200x4-04,2026-09-09T01:03:34-04:00,e887c22,95a4607,e3ed77dba57aece0a1c7097b6623dddc,20,100,4,0,nvdirect,6144,3,234.1762
90161,h200x4-04,2026-09-09T01:03:34-04:00,e887c22,95a4607,e3ed77dba57aece0a1c7097b6623dddc,20,100,4,0,nvsingle,6144,3,100.7478
90161,h200x4-04,2026-09-09T01:03:34-04:00,e887c22,95a4607,e3ed77dba57aece0a1c7097b6623dddc,20,100,4,0,nvbuffered,6144,3,6.9760
90161,h200x4-04,2026-09-09T01:03:34-04:00,e887c22,95a4607,e3ed77dba57aece0a1c7097b6623dddc,20,100,4,0,direct,8192,1,1225.5509
90161,h200x4-04,2026-09-09T01:03:34-04:00,e887c22,95a4607,e3ed77dba57aece0a1c7097b6623dddc,20,100,4,0,single,8192,1,1304.9178
90161,h200x4-04,2026-09-09T01:03:34-04:00,e887c22,95a4607,e3ed77dba57aece0a1c7097b6623dddc,20,100,4,0,buffered,8192,1,1100.5095
90161,h200x4-04,2026-09-09T01:03:34-04:00,e887c22,95a4607,e3ed77dba57aece0a1c7097b6623dddc,20,100,4,0,gpumpi,8192,1,1117.2491
90161,h200x4-04,2026-09-09T01:03:34-04:00,e887c22,95a4607,e3ed77dba57aece0a1c7097b6623dddc,20,100,4,0,staged,8192,1,85.4228
90161,h200x4-04,2026-09-09T01:03:34-04:00,e887c22,95a4607,e3ed77dba57aece0a1c7097b6623dddc,20,100,4,0,nvdirect,8192,1,15.7695
90161,h200x4-04,2026-09-09T01:03:34-04:00,e887c22,95a4607,e3ed77dba57aece0a1c7097b6623dddc,20,100,4,0,nvsingle,8192,1,128.0692
90161,h200x4-04,2026-09-09T01:03:34-04:00,e887c22,95a4607,e3ed77dba57aece0a1c7097b6623dddc,20,100,4,0,nvbuffered,8192,1,35.6586
90161,h200x4-04,2026-09-09T01:03:34-04:00,e887c22,95a4607,e3ed77dba57aece0a1c7097b6623dddc,20,100,4,0,direct,8192,2,1225.3095
90161,h200x4-04,2026-09-09T01:03:34-04:00,e887c22,95a4607,e3ed77dba57aece0a1c7097b6623dddc,20,100,4,0,single,8192,2,1305.0671
90161,h200x4-04,2026-09-09T01:03:34-04:00,e887c22,95a4607,e3ed77dba57aece0a1c7097b6623dddc,20,100,4,0,buffered,8192,2,1100.3490
90161,h200x4-04,2026-09-09T01:03:34-04:00,e887c22,95a4607,e3ed77dba57aece0a1c7097b6623dddc,20,100,4,0,gpumpi,8192,2,1117.2105
90161,h200x4-04,2026-09-09T01:03:34-04:00,e887c22,95a4607,e3ed77dba57aece0a1c7097b6623dddc,20,100,4,0,staged,8192,2,85.4385
90161,h200x4-04,2026-09-09T01:03:34-04:00,e887c22,95a4607,e3ed77dba57aece0a1c7097b6623dddc,20,100,4,0,nvdirect,8192,2,48.3388
90161,h200x4-04,2026-09-09T01:03:34-04:00,e887c22,95a4607,e3ed77dba57aece0a1c7097b6623dddc,20,100,4,0,nvsingle,8192,2,40.7338
90161,h200x4-04,2026-09-09T01:03:34-04:00,e887c22,95a4607,e3ed77dba57aece0a1c7097b6623dddc,20,100,4,0,nvbuffered,8192,2,124.2604
90161,h200x4-04,2026-09-09T01:03:34-04:00,e887c22,95a4607,e3ed77dba57aece0a1c7097b6623dddc,20,100,4,0,direct,8192,3,1122.0169
90161,h200x4-04,2026-09-09T01:03:34-04:00,e887c22,95a4607,e3ed77dba57aece0a1c7097b6623dddc,20,100,4,0,single,8192,3,1305.6669
90161,h200x4-04,2026-09-09T01:03:34-04:00,e887c22,95a4607,e3ed77dba57aece0a1c7097b6623dddc,20,100,4,0,buffered,8192,3,1100.4192
90161,h200x4-04,2026-09-09T01:03:34-04:00,e887c22,95a4607,e3ed77dba57aece0a1c7097b6623dddc,20,100,4,0,gpumpi,8192,3,1116.9924
90161,h200x4-04,2026-09-09T01:03:34-04:00,e887c22,95a4607,e3ed77dba57aece0a1c7097b6623dddc,20,100,4,0,staged,8192,3,85.1553
90161,h200x4-04,2026-09-09T01:03:34-04:00,e887c22,95a4607,e3ed77dba57aece0a1c7097b6623dddc,20,100,4,0,nvdirect,8192,3,107.5827
90161,h200x4-04,2026-09-09T01:03:34-04:00,e887c22,95a4607,e3ed77dba57aece0a1c7097b6623dddc,20,100,4,0,nvsingle,8192,3,111.6813
90161,h200x4-04,2026-09-09T01:03:34-04:00,e887c22,95a4607,e3ed77dba57aece0a1c7097b6623dddc,20,100,4,0,nvbuffered,8192,3,85.2169
90161,h200x4-04,2026-09-09T01:03:34-04:00,e887c22,95a4607,e3ed77dba57aece0a1c7097b6623dddc,20,100,4,0,direct,12288,1,1264.9536
90161,h200x4-04,2026-09-09T01:03:34-04:00,e887c22,95a4607,e3ed77dba57aece0a1c7097b6623dddc,20,100,4,0,single,12288,1,1299.1281
90161,h200x4-04,2026-09-09T01:03:34-04:00,e887c22,95a4607,e3ed77dba57aece0a1c7097b6623dddc,20,100,4,0,buffered,12288,1,1144.6661
90161,h200x4-04,2026-09-09T01:03:34-04:00,e887c22,95a4607,e3ed77dba57aece0a1c7097b6623dddc,20,100,4,0,gpumpi,12288,1,1163.4373
90161,h200x4-04,2026-09-09T01:03:34-04:00,e887c22,95a4607,e3ed77dba57aece0a1c7097b6623dddc,20,100,4,0,staged,12288,1,81.8768
90161,h200x4-04,2026-09-09T01:03:34-04:00,e887c22,95a4607,e3ed77dba57aece0a1c7097b6623dddc,20,100,4,0,nvdirect,12288,1,182.5939
90161,h200x4-04,2026-09-09T01:03:34-04:00,e887c22,95a4607,e3ed77dba57aece0a1c7097b6623dddc,20,100,4,0,nvsingle,12288,1,138.9375
90161,h200x4-04,2026-09-09T01:03:34-04:00,e887c22,95a4607,e3ed77dba57aece0a1c7097b6623dddc,20,100,4,0,nvbuffered,12288,1,69.2048
90161,h200x4-04,2026-09-09T01:03:34-04:00,e887c22,95a4607,e3ed77dba57aece0a1c7097b6623dddc,20,100,4,0,direct,12288,2,1263.5173
90161,h200x4-04,2026-09-09T01:03:34-04:00,e887c22,95a4607,e3ed77dba57aece0a1c7097b6623dddc,20,100,4,0,single,12288,2,1300.1799
90161,h200x4-04,2026-09-09T01:03:34-04:00,e887c22,95a4607,e3ed77dba57aece0a1c7097b6623dddc,20,100,4,0,buffered,12288,2,1145.2554
90161,h200x4-04,2026-09-09T01:03:34-04:00,e887c22,95a4607,e3ed77dba57aece0a1c7097b6623dddc,20,100,4,0,gpumpi,12288,2,1163.5164
90161,h200x4-04,2026-09-09T01:03:34-04:00,e887c22,95a4607,e3ed77dba57aece0a1c7097b6623dddc,20,100,4,0,staged,12288,2,82.0272
90161,h200x4-04,2026-09-09T01:03:34-04:00,e887c22,95a4607,e3ed77dba57aece0a1c7097b6623dddc,20,100,4,0,nvdirect,12288,2,131.7436
90161,h200x4-04,2026-09-09T01:03:34-04:00,e887c22,95a4607,e3ed77dba57aece0a1c7097b6623dddc,20,100,4,0,nvsingle,12288,2,86.1611
90161,h200x4-04,2026-09-09T01:03:34-04:00,e887c22,95a4607,e3ed77dba57aece0a1c7097b6623dddc,20,100,4,0,nvbuffered,12288,2,70.3074
90161,h200x4-04,2026-09-09T01:03:34-04:00,e887c22,95a4607,e3ed77dba57aece0a1c7097b6623dddc,20,100,4,0,direct,12288,3,1262.9278
90161,h200x4-04,2026-09-09T01:03:34-04:00,e887c22,95a4607,e3ed77dba57aece0a1c7097b6623dddc,20,100,4,0,single,12288,3,1300.4689
90161,h200x4-04,2026-09-09T01:03:34-04:00,e887c22,95a4607,e3ed77dba57aece0a1c7097b6623dddc,20,100,4,0,buffered,12288,3,1144.8262
90161,h200x4-04,2026-09-09T01:03:34-04:00,e887c22,95a4607,e3ed77dba57aece0a1c7097b6623dddc,20,100,4,0,gpumpi,12288,3,1163.9450
90161,h200x4-04,2026-09-09T01:03:34-04:00,e887c22,95a4607,e3ed77dba57aece0a1c7097b6623dddc,20,100,4,0,staged,12288,3,83.2864
90161,h200x4-04,2026-09-09T01:03:34-04:00,e887c22,95a4607,e3ed77dba57aece0a1c7097b6623dddc,20,100,4,0,nvdirect,12288,3,83.6334
90161,h200x4-04,2026-09-09T01:03:34-04:00,e887c22,95a4607,e3ed77dba57aece0a1c7097b6623dddc,20,100,4,0,nvsingle,12288,3,178.6966
90161,h200x4-04,2026-09-09T01:03:34-04:00,e887c22,95a4607,e3ed77dba57aece0a1c7097b6623dddc,20,100,4,0,nvbuffered,12288,3,96.8837
90161,h200x4-04,2026-09-09T01:03:34-04:00,e887c22,95a4607,e3ed77dba57aece0a1c7097b6623dddc,20,100,4,0,direct,16384,1,1280.5264
90161,h200x4-04,2026-09-09T01:03:34-04:00,e887c22,95a4607,e3ed77dba57aece0a1c7097b6623dddc,20,100,4,0,single,16384,1,1301.1299
90161,h200x4-04,2026-09-09T01:03:34-04:00,e887c22,95a4607,e3ed77dba57aece0a1c7097b6623dddc,20,100,4,0,buffered,16384,1,1155.9591
90161,h200x4-04,2026-09-09T01:03:34-04:00,e887c22,95a4607,e3ed77dba57aece0a1c7097b6623dddc,20,100,4,0,gpumpi,16384,1,1174.8658
90161,h200x4-04,2026-09-09T01:03:34-04:00,e887c22,95a4607,e3ed77dba57aece0a1c7097b6623dddc,20,100,4,0,staged,16384,1,84.7092
90161,h200x4-04,2026-09-09T01:03:34-04:00,e887c22,95a4607,e3ed77dba57aece0a1c7097b6623dddc,20,100,4,0,nvdirect,16384,1,133.7596
90161,h200x4-04,2026-09-09T01:03:34-04:00,e887c22,95a4607,e3ed77dba57aece0a1c7097b6623dddc,20,100,4,0,nvsingle,16384,1,149.2885
90161,h200x4-04,2026-09-09T01:03:34-04:00,e887c22,95a4607,e3ed77dba57aece0a1c7097b6623dddc,20,100,4,0,nvbuffered,16384,1,60.5932
90161,h200x4-04,2026-09-09T01:03:34-04:00,e887c22,95a4607,e3ed77dba57aece0a1c7097b6623dddc,20,100,4,0,direct,16384,2,1280.4707
90161,h200x4-04,2026-09-09T01:03:34-04:00,e887c22,95a4607,e3ed77dba57aece0a1c7097b6623dddc,20,100,4,0,single,16384,2,1301.2422
90161,h200x4-04,2026-09-09T01:03:34-04:00,e887c22,95a4607,e3ed77dba57aece0a1c7097b6623dddc,20,100,4,0,buffered,16384,2,1155.7943
90161,h200x4-04,2026-09-09T01:03:34-04:00,e887c22,95a4607,e3ed77dba57aece0a1c7097b6623dddc,20,100,4,0,gpumpi,16384,2,1024.2506
90161,h200x4-04,2026-09-09T01:03:34-04:00,e887c22,95a4607,e3ed77dba57aece0a1c7097b6623dddc,20,100,4,0,staged,16384,2,85.5625
90161,h200x4-04,2026-09-09T01:03:34-04:00,e887c22,95a4607,e3ed77dba57aece0a1c7097b6623dddc,20,100,4,0,nvdirect,16384,2,87.3159
90161,h200x4-04,2026-09-09T01:03:34-04:00,e887c22,95a4607,e3ed77dba57aece0a1c7097b6623dddc,20,100,4,0,nvsingle,16384,2,154.6077
90161,h200x4-04,2026-09-09T01:03:34-04:00,e887c22,95a4607,e3ed77dba57aece0a1c7097b6623dddc,20,100,4,0,nvbuffered,16384,2,126.0286
90161,h200x4-04,2026-09-09T01:03:34-04:00,e887c22,95a4607,e3ed77dba57aece0a1c7097b6623dddc,20,100,4,0,direct,16384,3,1280.2626
90161,h200x4-04,2026-09-09T01:03:34-04:00,e887c22,95a4607,e3ed77dba57aece0a1c7097b6623dddc,20,100,4,0,single,16384,3,1301.1364
90161,h200x4-04,2026-09-09T01:03:34-04:00,e887c22,95a4607,e3ed77dba57aece0a1c7097b6623dddc,20,100,4,0,buffered,16384,3,1155.8090
90161,h200x4-04,2026-09-09T01:03:34-04:00,e887c22,95a4607,e3ed77dba57aece0a1c7097b6623dddc,20,100,4,0,gpumpi,16384,3,1174.6442
90161,h200x4-04,2026-09-09T01:03:34-04:00,e887c22,95a4607,e3ed77dba57aece0a1c7097b6623dddc,20,100,4,0,staged,16384,3,85.4199
90161,h200x4-04,2026-09-09T01:03:34-04:00,e887c22,95a4607,e3ed77dba57aece0a1c7097b6623dddc,20,100,4,0,nvdirect,16384,3,50.2515
90161,h200x4-04,2026-09-09T01:03:34-04:00,e887c22,95a4607,e3ed77dba57aece0a1c7097b6623dddc,20,100,4,0,nvsingle,16384,3,179.4839
90161,h200x4-04,2026-09-09T01:03:34-04:00,e887c22,95a4607,e3ed77dba57aece0a1c7097b6623dddc,20,100,4,0,nvbuffered,16384,3,103.6565
90161,h200x4-04,2026-09-09T01:03:34-04:00,e887c22,95a4607,e3ed77dba57aece0a1c7097b6623dddc,20,100,4,0,direct,24576,1,1289.7217
90161,h200x4-04,2026-09-09T01:03:34-04:00,e887c22,95a4607,e3ed77dba57aece0a1c7097b6623dddc,20,100,4,0,single,24576,1,1298.5934
90161,h200x4-04,2026-09-09T01:03:34-04:00,e887c22,95a4607,e3ed77dba57aece0a1c7097b6623dddc,20,100,4,0,buffered,24576,1,1174.4399
90161,h200x4-04,2026-09-09T01:03:34-04:00,e887c22,95a4607,e3ed77dba57aece0a1c7097b6623dddc,20,100,4,0,gpumpi,24576,1,1192.5338
90161,h200x4-04,2026-09-09T01:03:34-04:00,e887c22,95a4607,e3ed77dba57aece0a1c7097b6623dddc,20,100,4,0,staged,24576,1,89.0975
90161,h200x4-04,2026-09-09T01:03:34-04:00,e887c22,95a4607,e3ed77dba57aece0a1c7097b6623dddc,20,100,4,0,nvdirect,24576,1,147.0360
90161,h200x4-04,2026-09-09T01:03:34-04:00,e887c22,95a4607,e3ed77dba57aece0a1c7097b6623dddc,20,100,4,0,nvsingle,24576,1,358.8497
90161,h200x4-04,2026-09-09T01:03:34-04:00,e887c22,95a4607,e3ed77dba57aece0a1c7097b6623dddc,20,100,4,0,nvbuffered,24576,1,179.9694
90161,h200x4-04,2026-09-09T01:03:34-04:00,e887c22,95a4607,e3ed77dba57aece0a1c7097b6623dddc,20,100,4,0,direct,24576,2,1289.2762
90161,h200x4-04,2026-09-09T01:03:34-04:00,e887c22,95a4607,e3ed77dba57aece0a1c7097b6623dddc,20,100,4,0,single,24576,2,1298.5536
90161,h200x4-04,2026-09-09T01:03:34-04:00,e887c22,95a4607,e3ed77dba57aece0a1c7097b6623dddc,20,100,4,0,buffered,24576,2,1173.8115
90161,h200x4-04,2026-09-09T01:03:34-04:00,e887c22,95a4607,e3ed77dba57aece0a1c7097b6623dddc,20,100,4,0,gpumpi,24576,2,1193.3399
90161,h200x4-04,2026-09-09T01:03:34-04:00,e887c22,95a4607,e3ed77dba57aece0a1c7097b6623dddc,20,100,4,0,staged,24576,2,88.7730
90161,h200x4-04,2026-09-09T01:03:34-04:00,e887c22,95a4607,e3ed77dba57aece0a1c7097b6623dddc,20,100,4,0,nvdirect,24576,2,146.9772
90161,h200x4-04,2026-09-09T01:03:34-04:00,e887c22,95a4607,e3ed77dba57aece0a1c7097b6623dddc,20,100,4,0,nvsingle,24576,2,337.4063
90161,h200x4-04,2026-09-09T01:03:34-04:00,e887c22,95a4607,e3ed77dba57aece0a1c7097b6623dddc,20,100,4,0,nvbuffered,24576,2,172.6367
90161,h200x4-04,2026-09-09T01:03:34-04:00,e887c22,95a4607,e3ed77dba57aece0a1c7097b6623dddc,20,100,4,0,direct,24576,3,1289.7507
90161,h200x4-04,2026-09-09T01:03:34-04:00,e887c22,95a4607,e3ed77dba57aece0a1c7097b6623dddc,20,100,4,0,single,24576,3,1298.5624
90161,h200x4-04,2026-09-09T01:03:34-04:00,e887c22,95a4607,e3ed77dba57aece0a1c7097b6623dddc,20,100,4,0,buffered,24576,3,1175.1072
90161,h200x4-04,2026-09-09T01:03:34-04:00,e887c22,95a4607,e3ed77dba57aece0a1c7097b6623dddc,20,100,4,0,gpumpi,24576,3,1193.5342
90161,h200x4-04,2026-09-09T01:03:34-04:00,e887c22,95a4607,e3ed77dba57aece0a1c7097b6623dddc,20,100,4,0,staged,24576,3,89.8793
90161,h200x4-04,2026-09-09T01:03:34-04:00,e887c22,95a4607,e3ed77dba57aece0a1c7097b6623dddc,20,100,4,0,nvdirect,24576,3,123.5930
90161,h200x4-04,2026-09-09T01:03:34-04:00,e887c22,95a4607,e3ed77dba57aece0a1c7097b6623dddc,20,100,4,0,nvsingle,24576,3,365.7738
90161,h200x4-04,2026-09-09T01:03:34-04:00,e887c22,95a4607,e3ed77dba57aece0a1c7097b6623dddc,20,100,4,0,nvbuffered,24576,3,172.5605
90161,h200x4-04,2026-09-09T01:03:34-04:00,e887c22,95a4607,e3ed77dba57aece0a1c7097b6623dddc,20,100,4,0,direct,32768,1,1295.8445
90161,h200x4-04,2026-09-09T01:03:34-04:00,e887c22,95a4607,e3ed77dba57aece0a1c7097b6623dddc,20,100,4,0,single,32768,1,1300.9576
90161,h200x4-04,2026-09-09T01:03:34-04:00,e887c22,95a4607,e3ed77dba57aece0a1c7097b6623dddc,20,100,4,0,buffered,32768,1,1120.7484
90161,h200x4-04,2026-09-09T01:03:34-04:00,e887c22,95a4607,e3ed77dba57aece0a1c7097b6623dddc,20,100,4,0,gpumpi,32768,1,1192.1789
90161,h200x4-04,2026-09-09T01:03:34-04:00,e887c22,95a4607,e3ed77dba57aece0a1c7097b6623dddc,20,100,4,0,staged,32768,1,90.2347
90161,h200x4-04,2026-09-09T01:03:34-04:00,e887c22,95a4607,e3ed77dba57aece0a1c7097b6623dddc,20,100,4,0,nvdirect,32768,1,256.1503
90161,h200x4-04,2026-09-09T01:03:34-04:00,e887c22,95a4607,e3ed77dba57aece0a1c7097b6623dddc,20,100,4,0,nvsingle,32768,1,475.1080
90161,h200x4-04,2026-09-09T01:03:34-04:00,e887c22,95a4607,e3ed77dba57aece0a1c7097b6623dddc,20,100,4,0,nvbuffered,32768,1,273.9023
90161,h200x4-04,2026-09-09T01:03:34-04:00,e887c22,95a4607,e3ed77dba57aece0a1c7097b6623dddc,20,100,4,0,direct,32768,2,1295.8235
90161,h200x4-04,2026-09-09T01:03:34-04:00,e887c22,95a4607,e3ed77dba57aece0a1c7097b6623dddc,20,100,4,0,single,32768,2,1301.0004
90161,h200x4-04,2026-09-09T01:03:34-04:00,e887c22,95a4607,e3ed77dba57aece0a1c7097b6623dddc,20,100,4,0,buffered,32768,2,1168.8459
90161,h200x4-04,2026-09-09T01:03:34-04:00,e887c22,95a4607,e3ed77dba57aece0a1c7097b6623dddc,20,100,4,0,gpumpi,32768,2,1192.5691
90161,h200x4-04,2026-09-09T01:03:34-04:00,e887c22,95a4607,e3ed77dba57aece0a1c7097b6623dddc,20,100,4,0,staged,32768,2,90.1146
90161,h200x4-04,2026-09-09T01:03:34-04:00,e887c22,95a4607,e3ed77dba57aece0a1c7097b6623dddc,20,100,4,0,nvdirect,32768,2,235.9564
90161,h200x4-04,2026-09-09T01:03:34-04:00,e887c22,95a4607,e3ed77dba57aece0a1c7097b6623dddc,20,100,4,0,nvsingle,32768,2,478.5352
90161,h200x4-04,2026-09-09T01:03:34-04:00,e887c22,95a4607,e3ed77dba57aece0a1c7097b6623dddc,20,100,4,0,nvbuffered,32768,2,250.3995
90161,h200x4-04,2026-09-09T01:03:34-04:00,e887c22,95a4607,e3ed77dba57aece0a1c7097b6623dddc,20,100,4,0,direct,32768,3,1295.8170
90161,h200x4-04,2026-09-09T01:03:34-04:00,e887c22,95a4607,e3ed77dba57aece0a1c7097b6623dddc,20,100,4,0,single,32768,3,1300.9634
90161,h200x4-04,2026-09-09T01:03:34-04:00,e887c22,95a4607,e3ed77dba57aece0a1c7097b6623dddc,20,100,4,0,buffered,32768,3,1169.1654
90161,h200x4-04,2026-09-09T01:03:34-04:00,e887c22,95a4607,e3ed77dba57aece0a1c7097b6623dddc,20,100,4,0,gpumpi,32768,3,1192.5907
90161,h200x4-04,2026-09-09T01:03:34-04:00,e887c22,95a4607,e3ed77dba57aece0a1c7097b6623dddc,20,100,4,0,staged,32768,3,90.2048
90161,h200x4-04,2026-09-09T01:03:34-04:00,e887c22,95a4607,e3ed77dba57aece0a1c7097b6623dddc,20,100,4,0,nvdirect,32768,3,249.6714
90161,h200x4-04,2026-09-09T01:03:34-04:00,e887c22,95a4607,e3ed77dba57aece0a1c7097b6623dddc,20,100,4,0,nvsingle,32768,3,469.9111
90161,h200x4-04,2026-09-09T01:03:34-04:00,e887c22,95a4607,e3ed77dba57aece0a1c7097b6623dddc,20,100,4,0,nvbuffered,32768,3,242.5748
90161,h200x4-04,2026-09-09T01:03:34-04:00,e887c22,95a4607,e3ed77dba57aece0a1c7097b6623dddc,20,100,4,0,direct,49152,1,1294.1033
90161,h200x4-04,2026-09-09T01:03:34-04:00,e887c22,95a4607,e3ed77dba57aece0a1c7097b6623dddc,20,100,4,0,single,49152,1,1295.9224
90161,h200x4-04,2026-09-09T01:03:34-04:00,e887c22,95a4607,e3ed77dba57aece0a1c7097b6623dddc,20,100,4,0,buffered,49152,1,1176.8384
90161,h200x4-04,2026-09-09T01:03:34-04:00,e887c22,95a4607,e3ed77dba57aece0a1c7097b6623dddc,20,100,4,0,gpumpi,49152,1,1199.3266
90161,h200x4-04,2026-09-09T01:03:34-04:00,e887c22,95a4607,e3ed77dba57aece0a1c7097b6623dddc,20,100,4,0,staged,49152,1,91.1765
90161,h200x4-04,2026-09-09T01:03:34-04:00,e887c22,95a4607,e3ed77dba57aece0a1c7097b6623dddc,20,100,4,0,nvdirect,49152,1,399.6966
90161,h200x4-04,2026-09-09T01:03:34-04:00,e887c22,95a4607,e3ed77dba57aece0a1c7097b6623dddc,20,100,4,0,nvsingle,49152,1,788.3981
90161,h200x4-04,2026-09-09T01:03:34-04:00,e887c22,95a4607,e3ed77dba57aece0a1c7097b6623dddc,20,100,4,0,nvbuffered,49152,1,405.0606
90161,h200x4-04,2026-09-09T01:03:34-04:00,e887c22,95a4607,e3ed77dba57aece0a1c7097b6623dddc,20,100,4,0,direct,49152,2,1294.0830
90161,h200x4-04,2026-09-09T01:03:34-04:00,e887c22,95a4607,e3ed77dba57aece0a1c7097b6623dddc,20,100,4,0,single,49152,2,1291.9422
90161,h200x4-04,2026-09-09T01:03:34-04:00,e887c22,95a4607,e3ed77dba57aece0a1c7097b6623dddc,20,100,4,0,buffered,49152,2,1176.6658
90161,h200x4-04,2026-09-09T01:03:34-04:00,e887c22,95a4607,e3ed77dba57aece0a1c7097b6623dddc,20,100,4,0,gpumpi,49152,2,1199.3598
90161,h200x4-04,2026-09-09T01:03:34-04:00,e887c22,95a4607,e3ed77dba57aece0a1c7097b6623dddc,20,100,4,0,staged,49152,2,91.1689
90161,h200x4-04,2026-09-09T01:03:34-04:00,e887c22,95a4607,e3ed77dba57aece0a1c7097b6623dddc,20,100,4,0,nvdirect,49152,2,435.1564
90161,h200x4-04,2026-09-09T01:03:34-04:00,e887c22,95a4607,e3ed77dba57aece0a1c7097b6623dddc,20,100,4,0,nvsingle,49152,2,784.7174
90161,h200x4-04,2026-09-09T01:03:34-04:00,e887c22,95a4607,e3ed77dba57aece0a1c7097b6623dddc,20,100,4,0,nvbuffered,49152,2,443.2230
90161,h200x4-04,2026-09-09T01:03:34-04:00,e887c22,95a4607,e3ed77dba57aece0a1c7097b6623dddc,20,100,4,0,direct,49152,3,1294.1089
90161,h200x4-04,2026-09-09T01:03:34-04:00,e887c22,95a4607,e3ed77dba57aece0a1c7097b6623dddc,20,100,4,0,single,49152,3,1295.8794
90161,h200x4-04,2026-09-09T01:03:34-04:00,e887c22,95a4607,e3ed77dba57aece0a1c7097b6623dddc,20,100,4,0,buffered,49152,3,1176.8348
90161,h200x4-04,2026-09-09T01:03:34-04:00,e887c22,95a4607,e3ed77dba57aece0a1c7097b6623dddc,20,100,4,0,gpumpi,49152,3,1199.3774
90161,h200x4-04,2026-09-09T01:03:34-04:00,e887c22,95a4607,e3ed77dba57aece0a1c7097b6623dddc,20,100,4,0,staged,49152,3,91.2106
90161,h200x4-04,2026-09-09T01:03:34-04:00,e887c22,95a4607,e3ed77dba57aece0a1c7097b6623dddc,20,100,4,0,nvdirect,49152,3,417.4409
90161,h200x4-04,2026-09-09T01:03:34-04:00,e887c22,95a4607,e3ed77dba57aece0a1c7097b6623dddc,20,100,4,0,nvsingle,49152,3,797.8373
90161,h200x4-04,2026-09-09T01:03:34-04:00,e887c22,95a4607,e3ed77dba57aece0a1c7097b6623dddc,20,100,4,0,nvbuffered,49152,3,437.1728
90161,h200x4-04,2026-09-09T01:03:34-04:00,e887c22,95a4607,e3ed77dba57aece0a1c7097b6623dddc,20,100,4,0,direct,65536,1,1299.5331
90161,h200x4-04,2026-09-09T01:03:34-04:00,e887c22,95a4607,e3ed77dba57aece0a1c7097b6623dddc,20,100,4,0,single,65536,1,1300.6614
90161,h200x4-04,2026-09-09T01:03:34-04:00,e887c22,95a4607,e3ed77dba57aece0a1c7097b6623dddc,20,100,4,0,buffered,65536,1,1178.9649
90161,h200x4-04,2026-09-09T01:03:34-04:00,e887c22,95a4607,e3ed77dba57aece0a1c7097b6623dddc,20,100,4,0,gpumpi,65536,1,1201.1182
90161,h200x4-04,2026-09-09T01:03:34-04:00,e887c22,95a4607,e3ed77dba57aece0a1c7097b6623dddc,20,100,4,0,staged,65536,1,91.8074
90161,h200x4-04,2026-09-09T01:03:34-04:00,e887c22,95a4607,e3ed77dba57aece0a1c7097b6623dddc,20,100,4,0,nvdirect,65536,1,452.2507
90161,h200x4-04,2026-09-09T01:03:34-04:00,e887c22,95a4607,e3ed77dba57aece0a1c7097b6623dddc,20,100,4,0,nvsingle,65536,1,919.7409
90161,h200x4-04,2026-09-09T01:03:34-04:00,e887c22,95a4607,e3ed77dba57aece0a1c7097b6623dddc,20,100,4,0,nvbuffered,65536,1,523.8173
90161,h200x4-04,2026-09-09T01:03:34-04:00,e887c22,95a4607,e3ed77dba57aece0a1c7097b6623dddc,20,100,4,0,direct,65536,2,1299.4200
90161,h200x4-04,2026-09-09T01:03:34-04:00,e887c22,95a4607,e3ed77dba57aece0a1c7097b6623dddc,20,100,4,0,single,65536,2,1300.6731
90161,h200x4-04,2026-09-09T01:03:34-04:00,e887c22,95a4607,e3ed77dba57aece0a1c7097b6623dddc,20,100,4,0,buffered,65536,2,1179.0905
90161,h200x4-04,2026-09-09T01:03:34-04:00,e887c22,95a4607,e3ed77dba57aece0a1c7097b6623dddc,20,100,4,0,gpumpi,65536,2,1201.1712
90161,h200x4-04,2026-09-09T01:03:34-04:00,e887c22,95a4607,e3ed77dba57aece0a1c7097b6623dddc,20,100,4,0,staged,65536,2,91.6980
90161,h200x4-04,2026-09-09T01:03:34-04:00,e887c22,95a4607,e3ed77dba57aece0a1c7097b6623dddc,20,100,4,0,nvdirect,65536,2,423.0720
90161,h200x4-04,2026-09-09T01:03:34-04:00,e887c22,95a4607,e3ed77dba57aece0a1c7097b6623dddc,20,100,4,0,nvsingle,65536,2,885.9046
90161,h200x4-04,2026-09-09T01:03:34-04:00,e887c22,95a4607,e3ed77dba57aece0a1c7097b6623dddc,20,100,4,0,nvbuffered,65536,2,450.2075
90161,h200x4-04,2026-09-09T01:03:34-04:00,e887c22,95a4607,e3ed77dba57aece0a1c7097b6623dddc,20,100,4,0,direct,65536,3,1289.2821
90161,h200x4-04,2026-09-09T01:03:34-04:00,e887c22,95a4607,e3ed77dba57aece0a1c7097b6623dddc,20,100,4,0,single,65536,3,1300.7198
90161,h200x4-04,2026-09-09T01:03:34-04:00,e887c22,95a4607,e3ed77dba57aece0a1c7097b6623dddc,20,100,4,0,buffered,65536,3,1177.4546
90161,h200x4-04,2026-09-09T01:03:34-04:00,e887c22,95a4607,e3ed77dba57aece0a1c7097b6623dddc,20,100,4,0,gpumpi,65536,3,1201.1361
90161,h200x4-04,2026-09-09T01:03:34-04:00,e887c22,95a4607,e3ed77dba57aece0a1c7097b6623dddc,20,100,4,0,staged,65536,3,91.6709
90161,h200x4-04,2026-09-09T01:03:34-04:00,e887c22,95a4607,e3ed77dba57aece0a1c7097b6623dddc,20,100,4,0,nvdirect,65536,3,447.2777
90161,h200x4-04,2026-09-09T01:03:34-04:00,e887c22,95a4607,e3ed77dba57aece0a1c7097b6623dddc,20,100,4,0,nvsingle,65536,3,834.8866
90161,h200x4-04,2026-09-09T01:03:34-04:00,e887c22,95a4607,e3ed77dba57aece0a1c7097b6623dddc,20,100,4,0,nvbuffered,65536,3,531.1443
